freq,val
-20,2.4742001592427066e-30
-15,1.7908981051828236e-30
-10,1.1088453736447173e-30
-5,4.6217407506596805e-31
0,3.7588231574380174e-31
5,2.8312065989515052e-31
10,2.051215835109351e-31
15,3.1954850715646166e-31
20,2.04012475571037e-31