freq, val
0.5,6.750292265873005e-15
1.0,3.857309866213147e-15
1.5,3.857309866213147e-15
2.0,8.678947198979575e-15
2.5,-8.196783465702948e-15
3.0,1.928654933106574e-15
3.5,-2.410818666383218e-15
4.0,2.8929823996598604e-15
4.5,6.750292265873005e-15
5.0,3.857309866213147e-15
5.5,5.785964799319719e-15
6.0,3.857309866213147e-15
6.5,3.857309866213147e-15
7.0,6.750292265873005e-15
7.5,1.4464911998299284e-14