freq, val
0.5,3.857309866213147e-15
1.0,5.785964799319719e-15
1.5,5.785964799319719e-15
2.0,4.821637332766433e-15
2.5,1.928654933106574e-15
3.0,5.785964799319719e-15
3.5,1.6393566931405848e-14
4.0,6.750292265873005e-15
4.5,8.678947198979575e-15
5.0,-9.643274665532871e-16
5.5,4.821637332766433e-15
6.0,4.821637332766433e-15
6.5,3.857309866213147e-15
7.0,5.785964799319719e-15
7.5,1.928654933106574e-15