freq, val
0.25,5.785964799319719e-15
0.5,3.857309866213147e-15
0.75,8.678947198979575e-15
1.0,5.785964799319719e-15
1.25,3.857309866213147e-15
1.5,5.785964799319719e-15
1.75,4.821637332766433e-15
2.0,6.750292265873005e-15
2.25,-2.410818666383218e-15
2.5,4.821637332766433e-15
2.75,3.857309866213147e-15
3.0,5.785964799319719e-15
3.25,5.785964799319719e-15
3.5,4.821637332766433e-15
3.75,6.750292265873005e-15
4.0,4.821637332766433e-15
4.25,2.8929823996598604e-15
4.5,9.64327466553286e-15
4.75,1.0607602132086145e-14
5.0,2.98941514631518e-14
5.25,8.678947198979575e-15
5.5,-2.8929823996598624e-15
5.75,3.857309866213147e-15
6.0,3.857309866213147e-15
6.25,5.785964799319719e-15
6.5,3.857309866213147e-15
6.75,4.821637332766433e-15
7.0,1.928654933106574e-15
7.25,4.821637332766433e-15
7.5,2.8929823996598604e-15
7.75,6.750292265873005e-15