freq, val
0.5,-8.90267117122907e-12
1.0,-8.694858602186417e-12
1.5,-8.675572052855312e-12
2.0,-8.683768836321033e-12
2.5,-8.68617965498742e-12
3.0,-8.68425100005431e-12
3.5,-8.683768836321033e-12
4.0,-8.673643397922202e-12
4.5,-8.691001292320197e-12
5.0,-8.685215327520865e-12
5.5,-8.687143982453974e-12
6.0,-8.685697491254142e-12
6.5,-8.683768836321033e-12
7.0,-8.675572052855312e-12
7.5,-8.682322345121199e-12