freq,val
-20,3.857309866213147e-15
-15,4.821637332766433e-15
-10,3.857309866213147e-15
-5,1.4464911998299284e-14
0,4.821637332766433e-15
5,4.821637332766433e-15
10,8.678947198979575e-15
15,4.821637332766433e-15
20,5.785964799319719e-15