freq,val
-20,-8.680843709672483e-12
-15,-8.683238456214425e-12
-10,-8.683993846063229e-12
-5,-8.683511682329951e-12
0,-8.682595571236723e-12
5,-8.68208126325456e-12
10,-8.682386633618971e-12
15,-8.682563426987838e-12
20,-8.682338417245643e-12