freq,val
-20,4.821637332766433e-15
-15,6.750292265873005e-15
-10,4.821637332766433e-15
-5,4.821637332766433e-15
0,4.821637332766433e-15
5,2.8929823996598604e-15
10,5.785964799319719e-15
15,5.785964799319719e-15
20,3.857309866213147e-15