freq,val
-20,-8.640374100326048e-12
-15,-8.700644566985749e-12
-10,-8.677500707788423e-12
-5,-8.680393690188089e-12
0,-8.681358017654645e-12
5,-8.681358017654645e-12
10,-8.679429362721533e-12
15,-8.681358017654645e-12
20,-8.681358017654645e-12