freq, val
0.5,9.64327466553286e-15
1.0,4.821637332766433e-15
1.5,5.785964799319719e-15
2.0,4.821637332766433e-15
2.5,5.785964799319719e-15
3.0,7.714619732426289e-15
3.5,4.821637332766433e-15
4.0,0.0
4.5,-1.060760213208617e-14
5.0,4.821637332766433e-15
5.5,9.64327466553287e-16
6.0,2.8929823996598604e-15
6.5,4.821637332766433e-15
7.0,5.785964799319719e-15
7.5,1.3500584531745998e-14