freq,val
-20,-8.681358017654645e-12
-15,-8.698715912052637e-12
-10,-8.681358017654645e-12
-5,-8.686661818720698e-12
0,-8.687626146187252e-12
5,-8.679911526454811e-12
10,-8.689072637387086e-12
15,-8.683286672587755e-12
20,-8.684733163787588e-12