freq, val
0.25,3.857309866213147e-15
0.5,2.8929823996598604e-15
0.75,5.785964799319719e-15
1.0,2.8929823996598604e-15
1.25,4.821637332766433e-15
1.5,4.821637332766433e-15
1.75,5.785964799319719e-15
2.0,-2.410818666383218e-15
2.25,5.785964799319719e-15
2.5,4.821637332766433e-15
2.75,4.821637332766433e-15
3.0,2.8929823996598604e-15
3.25,4.821637332766433e-15
3.5,2.8929823996598604e-15
3.75,3.857309866213147e-15
4.0,3.857309866213147e-15
4.25,4.821637332766433e-15
4.5,4.821637332766433e-15
4.75,1.928654933106574e-15
5.0,3.857309866213147e-15
5.25,8.678947198979575e-15
5.5,2.8929823996598604e-15
5.75,3.857309866213147e-15
6.0,7.714619732426289e-15
6.25,7.714619732426289e-15
6.5,5.785964799319719e-15
6.75,5.785964799319719e-15
7.0,5.785964799319719e-15
7.25,5.785964799319719e-15
7.5,4.821637332766433e-15
7.75,-4.821637332766436e-16