freq, val
0.5,5.785964799319719e-15
1.0,2.8929823996598604e-15
1.5,3.857309866213147e-15
2.0,5.785964799319719e-15
2.5,1.832222186451242e-14
3.0,1.928654933106574e-15
3.5,3.857309866213147e-15
4.0,4.821637332766433e-15
4.5,3.857309866213147e-15
5.0,1.2536257065192713e-14
5.5,6.750292265873005e-15
6.0,4.821637332766433e-15
6.5,4.821637332766433e-15
7.0,5.785964799319719e-15
7.5,4.821637332766433e-15