freq,val
-20,-8.682287904854537e-12
-15,-8.682425665921187e-12
-10,-8.681254696854654e-12
-5,-8.682322345121197e-12
0,-8.682838949121138e-12
5,-8.682528986721175e-12
10,-8.682528986721175e-12
15,-8.682356785387862e-12
20,-8.682184584054548e-12