freq, val
0.25,7.32888874580492e-14
0.5,-2.314385919727895e-14
0.75,1.0607602132086145e-14
1.0,2.8929823996598604e-15
1.25,6.750292265873005e-15
1.5,3.857309866213147e-15
1.75,4.821637332766433e-15
2.0,3.857309866213147e-15
2.25,5.785964799319719e-15
2.5,5.785964799319719e-15
2.75,4.821637332766433e-15
3.0,5.785964799319719e-15
3.25,4.821637332766433e-15
3.5,2.8929823996598604e-15
3.75,7.714619732426289e-15
4.0,3.857309866213147e-15
4.25,1.928654933106574e-15
4.5,5.785964799319719e-15
4.75,9.64327466553287e-16
5.0,2.8929823996598604e-15
5.25,3.857309866213147e-15
5.5,1.928654933106574e-15
5.75,3.857309866213147e-15
6.0,3.857309866213147e-15
6.25,5.785964799319719e-15
6.5,4.821637332766433e-15
6.75,4.821637332766433e-15
7.0,6.750292265873005e-15
7.25,4.821637332766433e-15
7.5,9.64327466553287e-16
7.75,6.750292265873005e-15