freq, val
0.5,4.568836493048861
1.0,5.9463202617452975
1.5,7.2339227728239734
2.0,7.1449292491257355
2.5,7.259032329478208
3.0,5.848374623443907
3.5,8.92480792684
4.0,7.759143050790244
4.5,7.180316837626391
5.0,6.895695210917805
5.5,7.542929298089247
6.0,7.71672886125662
6.5,5.4012885899414
7.0,3.257666128466992
7.5,6.467794767956869