freq, val
0.5,28.82903979097695
1.0,30.653079697298487
1.5,37.12049481789834
2.0,37.96255419427849
2.5,38.60438988723186
3.0,43.18687924372249
3.5,41.05364703561945
4.0,39.682968548370646
4.5,40.96560278746918
5.0,42.61618822137331
5.5,43.69883786031198
6.0,42.60698000230785
6.5,41.6242856365006
7.0,40.96689749286745
7.5,37.79741770480789