freq, val
0.5,10.300810221540688
1.0,10.87836672128266
1.5,9.171864010509589
2.0,14.097081207571394
2.5,14.664581317661831
3.0,12.232180872698788
3.5,13.204168790683905
4.0,12.96584217050876
4.5,13.047173854977936
5.0,10.032441497379343
5.5,6.986009895129142
6.0,7.4898899496667966
6.5,2.8826518016881115
7.0,5.551385940045312
7.5,6.64418234282326