freq, val
0.5,23.69527374079997
1.0,25.829161276201607
1.5,32.12402136779745
2.0,32.935662999868974
2.5,33.62904408765714
3.0,38.18405024601435
3.5,36.05029015606303
4.0,34.72743244609689
4.5,36.0413269112083
5.0,37.571775663881525
5.5,38.765531465338945
6.0,37.6652570445528
6.5,36.74286954678733
7.0,37.78833322716493
7.5,33.55882852627331