freq,val
-20,35.891360913749466
-15,31.004017998957277
-10,26.02207086478473
-5,21.080549933324278
0,16.2565502721182
5,11.576688974860243
10,7.231963238823683
15,3.5119130691941844
20,0.7338996130461313