freq, val
0.5,3.7045883638263994
1.0,7.46477784698612
1.5,12.974253765782889
2.0,14.283601530630834
2.5,14.041452410494099
3.0,17.99031021169431
3.5,16.294018482881107
4.0,15.305751463194246
4.5,16.398394806892313
5.0,17.924499823685945
5.5,18.869139662487775
6.0,17.916727130516254
6.5,16.97107384885411
7.0,18.60462692030222
7.5,15.200643066481254