freq, val
0.5,3.820505101638169
1.0,10.800308309708038
1.5,25.07781193724496
2.0,28.076220307013212
2.5,23.262860695274917
3.0,30.032683179173794
3.5,35.02405412413064
4.0,39.65073046555866
4.5,48.076851371445166
5.0,46.93762758672917
5.5,43.50416908449682
6.0,46.51342162212085
6.5,42.20083187017097
7.0,41.97338109435684
7.5,42.24902323142054