freq, val
0.5,9.802516248750386
1.0,7.697800290187432
1.5,11.512411712932348
2.0,12.691523771837808
2.5,14.376238265297898
3.0,12.44201096368969
3.5,13.376202705188733
4.0,12.032285116242782
4.5,11.908866879266238
5.0,9.284935631793786
5.5,5.848152404776599
6.0,6.5838585236241105
6.5,2.2293202283133025
7.0,5.4112153903812175
7.5,4.520593165798127