freq, val
0.5,-14.809612791850203
1.0,-8.469142637206366
1.5,-8.842531563785235
2.0,-9.568806656112386
2.5,-8.688943212191885
3.0,-7.649972955438473
3.5,-7.559395451890324
4.0,-6.249370895306424
4.5,-7.845574104238499
5.0,-9.013294718316965
5.5,-7.5198897452803894
6.0,-9.039655352142486
6.5,-7.769997824344255
7.0,-7.518858061876052
7.5,-9.429739255321284