freq,val
-20,11.315242122087739
-15,11.032725139643075
-10,10.56401772578851
-5,9.657581085088914
0,8.597991905955734
5,7.306553004899742
10,6.303736048065301
15,5.4999188103562835
20,5.011925820395641