freq, val
0.5,-0.17788097432146438
1.0,3.615748028268153
1.5,8.67359326862571
2.0,9.933837740919468
2.5,9.680747307058626
3.0,12.937980126747561
3.5,11.710364031569252
4.0,11.067689439517917
4.5,11.95506505502987
5.0,13.222812148297825
5.5,14.024453599569904
6.0,13.153091299743886
6.5,12.707628767835114
7.0,13.873617395168349
7.5,10.157317649090185