freq, val
0.5,18.451406691843616
1.0,21.170201284688112
1.5,27.116816402572212
2.0,28.077627224552913
2.5,28.61305532702741
3.0,33.17201004967308
3.5,31.055332675652632
4.0,29.780837624546713
4.5,31.05176689763587
5.0,32.67317418579887
5.5,33.760370733816586
6.0,32.80130269974117
6.5,31.94014831362681
7.0,32.63635039338465
7.5,29.02122796281287