freq, val
0.5,25.506075971756115
1.0,35.18671609951226
1.5,49.63464006475583
2.0,52.81208026423307
2.5,48.127301091243524
3.0,54.837525085067966
3.5,60.15462233051092
4.0,65.09197793747911
4.5,72.57759487802029
5.0,71.38015073736861
5.5,68.32324785842636
6.0,71.65049941336378
6.5,67.07464993751447
7.0,66.86536029583513
7.5,58.83143367465558