freq,val
-20,23.193433911453624
-15,18.96834305350715
-10,14.4888209958796
-5,10.028028022725374
0,5.3202444302947836
5,0.6737845332398761
10,-3.8835284918233297
15,-8.011900997262938
20,-11.545296706896199