freq, val
0.5,10.987289569490455
1.0,20.3276097726436
1.5,34.86383940321244
2.0,37.95101294395293
2.5,33.126085868634235
3.0,39.90855690252332
3.5,45.04841889786519
4.0,49.64641260589809
4.5,58.036791149601314
5.0,56.93502295733475
5.5,53.476138577413025
6.0,56.55876143540407
6.5,52.20912896251929
7.0,51.9726229244032
7.5,50.855921776429