freq,val
-20,35.776495111484664
-15,30.7906376400617
-10,25.788245937527307
-5,20.749645556626163
0,15.699113875851891
5,10.827067861410185
10,6.432067563333562
15,2.510284196952634
20,-0.6525052611462422