freq, val
0.5,8.001901986931392
1.0,11.843626595034385
1.5,17.487519799559166
2.0,18.756992792405267
2.5,18.74513034629426
3.0,23.073607784423224
3.5,21.127255708903792
4.0,19.974482461194064
4.5,21.163521113112736
5.0,22.777997258619223
5.5,23.81436077000577
6.0,22.550383731921713
6.5,22.18132754524605
7.0,23.51534258054977
7.5,19.410331155189027