freq, val
0.5,8.648069457699258
1.0,4.622665732407003
1.5,7.187755207624224
2.0,10.08400413304663
2.5,12.53380131886222
3.0,11.603110092250208
3.5,14.522707710905507
4.0,14.817915219452802
4.5,13.90141967473637
5.0,12.52058762753149
5.5,10.780809807530233
6.0,12.10519019522702
6.5,10.651496321477861
7.0,8.366637161713665
7.5,16.57490540623194