freq,val
-20,59.02328586621132
-15,56.01042986563783
-10,52.135918763187746
-5,47.67981303230919
0,42.91421835592353
5,38.064378039252944
10,33.318428589377625
15,28.94652035899516
20,25.322541103337212