freq, val
0.5,7.688713542184237
1.0,7.697171539679301
1.5,8.958742919354442
2.0,7.706619283790052
2.5,8.348747024663094
3.0,7.684589859007249
3.5,7.8329296361543745
4.0,10.006819519815862
4.5,9.25928731755714
5.0,8.973294824800439
5.5,8.21318606665166
6.0,8.611055061459158
6.5,5.406384552893764
7.0,6.263613721107894
7.5,7.01605959523798