freq, val
0.5,9.493883422415365
1.0,7.409975775885911
1.5,11.833974186210039
2.0,11.362928357292903
2.5,10.566835750316429
3.0,10.256007714345778
3.5,7.670233326267539
4.0,5.880503267649983
4.5,4.023805045188161
5.0,5.700138570468949
5.5,8.017446645241682
6.0,5.597322568386028
6.5,5.724813337800941
7.0,4.850977751920403
7.5,4.40012009801789