freq,val
-20,60.01889676416225
-15,57.19400660280612
-10,53.41818055692454
-5,48.872191916482535
0,44.075801553269365
5,39.24642590734363
10,34.47932568634194
15,29.942533348069823
20,25.972451167473118