freq, val
0.5,13.085862461855635
1.0,16.508676689701407
1.5,22.199524528424245
2.0,23.345612170355263
2.5,23.631265671137946
3.0,28.13683174275176
3.5,26.05453677120932
4.0,24.840749778510535
4.5,26.09268503457239
5.0,27.692757544999694
5.5,28.784329549505298
6.0,27.75869315492742
6.5,27.0109710229023
7.0,28.281616573045575
7.5,24.13211816462757