freq, val
0.5,1.2727300910785142
1.0,4.02082391048023
1.5,7.494329473291053
2.0,5.9728169304977765
2.5,5.158821767772496
3.0,5.770009965984916
3.5,4.991861427763297
4.0,1.087353059485047
4.5,-1.5306109031959367
5.0,-1.7557526179032616
5.5,1.7272682480348092
6.0,-0.19143282706942305
6.5,-2.029932098182482
7.0,-4.8489004628787065
7.5,-8.874241064510217