freq, val
0.5,9.99027236782307
1.0,11.398083804509668
1.5,8.27574007721193
2.0,15.649004306952987
2.5,15.463051549106048
3.0,13.33146253319811
3.5,13.970987451550522
4.0,14.056529875358974
4.5,13.56148110542655
5.0,10.257446517879643
5.5,6.8166573087659845
6.0,7.88686981620066
6.5,3.3417866355771695
7.0,7.699902229211787
7.5,8.988990450577955