freq, val
0.5,15.719362163943586
1.0,25.26380012286996
1.5,39.82621944995154
2.0,42.916939418716844
2.5,38.12456357495934
3.0,44.89644567700803
3.5,50.06552906231629
4.0,54.685168742866004
4.5,62.97601652960707
5.0,61.89568652419575
5.5,58.45899625533848
6.0,61.5958991837535
6.5,57.197010229414374
7.0,56.96153175857802
7.5,54.19767831515267