freq, val
0.5,-5.958065476407387
1.0,-3.188829846251577
1.5,-2.2219249421392164
2.0,-1.8917256316801059
2.5,-0.05534294515523308
3.0,-0.40793451068738196
3.5,0.9728837578142715
4.0,1.832941121242038
4.5,1.5894243187614006
5.0,1.472122246176154
5.5,1.0485303362758809
6.0,1.6842243959091427
6.5,0.8766852528072145
7.0,1.8201191704976214
7.5,-0.25160756380384863