freq, val
0.5,7.619114891082454
1.0,6.273387609320458
1.5,11.686643885462761
2.0,9.242618891260367
2.5,11.531835705520901
3.0,10.701374276147488
3.5,12.194300228344591
4.0,8.867622766433472
4.5,5.790582235816459
5.0,6.865264867502402
5.5,6.907665030314725
6.0,4.085292150444301
6.5,1.7683552870600652
7.0,2.3947638373646045
7.5,-2.052319324322325