freq, val
0.5,8.069306223320801
1.0,7.259416446887567
1.5,9.358242755103399
2.0,10.051095490046338
2.5,9.948046290161631
3.0,9.299922610391654
3.5,9.329584239950846
4.0,11.383096035893027
4.5,10.293301189841046
5.0,10.106908345493418
5.5,9.286922575827347
6.0,9.73313764824528
6.5,5.222838336574123
7.0,5.663916741641193
7.5,9.281435691771671