freq, val
0.5,20.606088812318756
1.0,30.224347622890257
1.5,44.76519924853739
2.0,47.87971035392785
2.5,43.12374341176127
3.0,49.878907431702615
3.5,55.0946610201502
4.0,59.79220569468125
4.5,67.85371067800568
5.0,66.76513751716678
5.5,63.42137708408944
6.0,66.64038353652741
6.5,62.16295897946057
7.0,61.9401760836203
7.5,56.65252928185665