freq,val
-20,20.683264474948917
-15,16.05350459394472
-10,11.47373235688206
-5,6.858785822537853
0,2.2576270055386187
5,-2.1335495777801943
10,-5.962363786801573
15,-9.129495160149023
20,-11.47092248244417