freq, val
0.5,5.7315153848348235
1.0,5.893315299471458
1.5,10.137431766506786
2.0,7.838628752472907
2.5,9.591652356059129
3.0,10.124077305440636
3.5,10.382573550142444
4.0,6.257737451640709
4.5,2.983165973621058
5.0,3.9994339349816017
5.5,5.752237509043338
6.0,2.55294712406187
6.5,1.0017508938853728
7.0,-0.23952307853998372
7.5,-4.090852966645951