freq, val
0.5,-3.5280811463497463
1.0,0.5277891994218953
1.5,4.649614349783797
2.0,5.719600093945296
2.5,5.875156577365129
3.0,7.955762627609082
3.5,7.5424121366223975
4.0,7.478537971999409
4.5,8.047533071977632
5.0,8.895015876879558
5.5,9.333818121264832
6.0,8.656910903128646
6.5,8.320230708295927
7.0,9.414927107947648
7.5,6.605107541416845