freq, val
0.5,33.856858859970586
1.0,35.60156898595786
1.5,42.13638512500259
2.0,42.96161775299226
2.5,43.59825111870701
3.0,48.17845266240909
3.5,45.98112543584833
4.0,44.64272743289528
4.5,45.93605660585667
5.0,47.49439302566241
5.5,48.514112528517856
6.0,47.379304376704006
6.5,46.53962062151984
7.0,45.42330636447594
7.5,41.66915813442049