freq, val
0.5,35.22985142598563
1.0,44.95384670019112
1.5,58.73454519849149
2.0,62.22808093037006
2.5,58.296168609611414
3.0,64.46521762972158
3.5,70.4602393509652
4.0,75.54669741605801
4.5,79.37437287544836
5.0,78.46711662161523
5.5,77.3436399637397
6.0,80.41890762893958
6.5,76.30058530787227
7.0,76.13556808776957
7.5,62.2746029098398