freq, val
0.5,6.828343776269802
1.0,15.455545618036624
1.5,29.91899095423537
2.0,32.998621394961056
2.5,28.148024538498085
3.0,34.93537311250597
3.5,40.035079591515654
4.0,44.64004548928158
4.5,53.0659217192244
5.0,51.942783558996794
5.5,48.48829086148048
6.0,51.532404869540784
6.5,47.20943740913206
7.0,46.97422987942961
7.5,46.77011484278683