freq, val
0.5,30.379939438191244
1.0,40.118847411926374
1.5,54.3434186997834
2.0,57.65057555491204
2.5,53.159062651732455
3.0,59.73150828413756
3.5,65.2751585227446
4.0,70.79500105204266
4.5,76.73062378951514
5.0,75.40332500014526
5.5,73.05607010834727
6.0,76.4381564174255
6.5,71.84945965881033
7.0,71.65475381169591
7.5,60.556888561128766