freq, val
0.5,8.442016418970544
1.0,3.8616354418249483
1.5,6.95744282198249
2.0,9.140948716834046
2.5,11.803524506302974
3.0,11.404888157063178
3.5,14.70485186859926
4.0,15.120897108613322
4.5,14.701180994361852
5.0,12.897700793716382
5.5,10.856580421503093
6.0,12.39075736299612
6.5,13.380855776359212
7.0,9.351448573275391
7.5,18.59435931276048