freq, val
0.5,6.331468889017118
1.0,7.749527769252989
1.5,6.110516416199002
2.0,6.517934243002168
2.5,6.167572235593532
3.0,6.171545098136487
3.5,6.23466753783333
4.0,8.073496668306385
4.5,8.734231511957942
5.0,6.665247431590291
5.5,6.121852725881705
6.0,6.303748016346706
6.5,5.594608641459949
7.0,6.414330455711948
7.5,3.362563329061624