freq, val
0.5,7.192577815273701
1.0,7.775236099585332
1.5,7.397937800947724
2.0,6.492180760550019
2.5,7.56971884918335
3.0,6.670791410348289
3.5,7.125430723255541
4.0,9.12147056722145
4.5,8.427828189250864
5.0,8.474505411666227
5.5,7.0868027602537556
6.0,7.8608382629703035
6.5,5.3999147343308165
7.0,6.856609679002817
7.5,5.371367875315228