freq, val
0.5,40.051990254768405
1.0,49.58942326924074
1.5,62.75267350530865
2.0,66.08856452097419
2.5,63.81304575418334
3.0,68.87785996408171
3.5,75.07369697301516
4.0,77.86344267344752
4.5,80.90283584870852
5.0,80.61991793684533
5.5,80.66670974460136
6.0,82.89248473249891
6.5,80.0958236303846
7.0,79.97980724892776
7.5,64.38984342349612