freq, val
0.5,9.266936865850948
1.0,6.9884677536759305
1.5,11.128919455987349
2.0,11.281073668047
2.5,14.153860049947212
3.0,11.907105516524206
3.5,14.04684970105965
4.0,11.224277579004891
4.5,10.046245690939763
5.0,9.254802455844844
5.5,6.024617404858258
6.0,5.557017845759805
6.5,1.849731939533823
7.0,5.166683086349362
7.5,2.066948913968237