freq,val
-20,10.367586959771746
-15,9.77379922842404
-10,9.295842124942626
-5,8.89989564888737
0,8.487167453914608
5,7.994383408654134
10,7.725251162294605
15,7.772186978639054
20,8.00687736424375