freq, val
0.5,8.597022227859696
1.0,6.805095453499891
1.5,12.585206405152945
2.0,10.284639908166572
2.5,12.773803608196193
3.0,11.27643117136714
3.5,13.76155956742444
4.0,9.456829109431254
4.5,8.030081054974175
5.0,8.781793826777637
5.5,8.545541307327127
6.0,4.812145899172174
6.5,1.9955167569868024
7.0,4.403228814956178
7.5,-0.34613316247345843