freq, val
0.5,6.558691688826461
1.0,7.876933341097475
1.5,6.427266942327186
2.0,6.351621592968053
2.5,6.772737205598419
3.0,6.111769843358808
3.5,6.530516332769107
4.0,8.57898080270594
4.5,8.720710169480482
5.0,7.407756078627213
5.5,6.24728983606531
6.0,6.987100418005246
6.5,5.6641112053639455
7.0,6.482548399942033
7.5,4.106259176875816