freq, val
0.5,3.448539779851731
1.0,5.416278342415267
1.5,8.758192782392237
2.0,7.5117325726509545
2.5,7.301840028243505
3.0,8.429850784038312
3.5,7.728309833958233
4.0,3.268392371961707
4.5,0.6250738647273257
5.0,0.9405522879926358
5.5,4.102209275050742
6.0,0.7998775945125504
6.5,-0.5042384271423094
7.0,-2.8478290374103645
7.5,-6.763800576606944