freq,val
-20,11.797647989728052
-15,11.448071829214085
-10,10.83220870692321
-5,10.086098050611685
0,9.015561742702038
5,7.998464351583743
10,7.259330937420123
15,6.733257238941787
20,6.444417291452433