freq, val
0.5,8.880113183777096
1.0,8.214163940034332
1.5,8.122975013893273
2.0,12.14378221146221
2.5,13.557385204803635
3.0,12.68280738861475
3.5,12.648446903196579
4.0,13.201843362207557
4.5,12.523405642095515
5.0,9.763950443293023
5.5,5.911111012256594
6.0,8.118201802761826
6.5,4.324502903632592
7.0,5.920153782541858
7.5,9.675560704778103