freq, val
0.5,7.313199648399442
1.0,8.630972053058777
1.5,7.000140491435232
2.0,6.9969854577253034
2.5,7.511138663384105
3.0,6.532949422147587
3.5,7.313313813200449
4.0,9.372999254757806
4.5,10.877734787302929
5.0,9.017432001701241
5.5,5.995673439889685
6.0,7.289632684020797
6.5,7.07763234777813
7.0,7.72989266737235
7.5,3.6339119479470434