freq, val
0.5,8.389112687642765
1.0,7.136289316804326
1.5,8.409705271448736
2.0,11.439240339901417
2.5,12.564202201898599
3.0,11.011153388149143
3.5,11.46740476283222
4.0,12.245731196259566
4.5,12.193970265786762
5.0,9.328975175698833
5.5,5.471383952648834
6.0,8.731668409515763
6.5,4.631457745258272
7.0,6.201054863975247
7.5,8.069710724331202