freq, val
0.5,7.881461567759695
1.0,7.0947663824183795
1.5,9.027689421867208
2.0,10.096971488182522
2.5,11.284816636217771
3.0,9.986434247326086
3.5,10.229616382238138
4.0,11.447230836601774
4.5,11.931558298126602
5.0,8.977617567202515
5.5,5.442420970013001
6.0,9.215193012139666
6.5,5.480057199912519
7.0,6.921102552169494
7.5,6.682585317617361