freq,val
-20,9.576973902380697
-15,8.786269888305183
-10,8.16829043648202
-5,7.542595758371009
0,6.792215626288529
5,6.042208450269167
10,5.3287129733433405
15,4.811843295738331
20,4.434471758054271