freq, val
0.5,6.618372782247342
1.0,7.976505515915843
1.5,8.655911103326355
2.0,7.320183622546118
2.5,8.674467664660199
3.0,7.337378904048254
3.5,7.521948241331585
4.0,10.240320758270936
4.5,10.237874755457913
5.0,8.557246754998246
5.5,6.108831094549742
6.0,8.434461491206097
6.5,7.063767453180501
7.0,7.200230631988942
7.5,4.70004110364548