freq, val
0.5,8.272988241304107
1.0,8.701651640795834
1.5,7.009518956095874
2.0,7.730233423016411
2.5,7.048771072599834
3.0,6.7898651557568
3.5,7.370461729508601
4.0,9.50106991484496
4.5,11.416262826175485
5.0,9.080706342426526
5.5,6.085577203572394
6.0,7.197121765638266
6.5,7.199795400233394
7.0,7.790990149854283
7.5,3.306834389080249