freq, val
0.5,7.146839371161525
1.0,7.464817651151758
1.5,9.259171618008533
2.0,9.330570483033462
2.5,10.21362637270072
3.0,8.920028367570001
3.5,9.018960996685628
4.0,10.935689257560536
4.5,11.409671905134477
5.0,8.758618976891606
5.5,6.443243443658828
6.0,9.374035459506988
6.5,6.632489955414918
7.0,7.548186869854123
7.5,5.860832101479579