freq, val
0.5,6.723852561729223
1.0,8.274644500736365
1.5,7.694230641263832
2.0,6.894880834805428
2.5,8.06235700524056
3.0,6.671343771916526
3.5,7.425145029975132
4.0,9.685719799045174
4.5,10.325464394752014
5.0,8.64139058721914
5.5,5.971751279788399
6.0,7.612487742140313
6.5,6.846236232456647
7.0,7.574835022832298
7.5,4.117489071269574