freq, val
0.5,6.902595845162277
1.0,7.7808317052747045
1.5,9.067701215519543
2.0,8.50926634383626
2.5,9.384679108750282
3.0,8.061219632161379
3.5,8.13654417044675
4.0,10.65944977495711
4.5,10.782154302823772
5.0,8.562920038371605
5.5,6.426812888267271
6.0,9.076204870259097
6.5,7.234411970853207
7.0,7.588476146395951
7.5,5.44393235740606