freq, val
0.5,6.295947818819318
1.0,8.067529680932372
1.5,7.340831333639892
2.0,7.787437186106376
2.5,7.8304238722388
3.0,6.798586704941188
3.5,7.328877141369134
4.0,9.52037076079423
4.5,10.626389030921175
5.0,6.431288347041901
5.5,5.472087563144506
6.0,6.958545135977672
6.5,8.857484651689246
7.0,7.930552482112294
7.5,4.353795103404947