freq, val
0.5,4.4846652160220355
1.0,6.571435112589396
1.5,6.55120987481265
2.0,8.623468497312409
2.5,7.837734888463439
3.0,7.553336536009596
3.5,6.794273658156229
4.0,8.932915112774785
4.5,7.908607572888323
5.0,4.5131981704500435
5.5,4.8758589404993975
6.0,4.652762487087285
6.5,6.488254528388707
7.0,6.451543659143894
7.5,3.462910239958136