freq, val
0.5,1.1693459548693899
1.0,4.323241649865922
1.5,5.363431395683888
2.0,6.700343771442137
2.5,6.857036057183997
3.0,6.738867457388039
3.5,6.729080482902992
4.0,8.300934743826367
4.5,6.384513977080207
5.0,3.877013563182437
5.5,4.150666126142762
6.0,2.97270288820255
6.5,3.9039577881854095
7.0,5.475464830649815
7.5,3.2844314748319263