freq, val
0.5,7.493405990550444
1.0,9.12889274749214
1.5,6.902079710867732
2.0,7.550706211753472
2.5,7.786743237295783
3.0,6.725410514235138
3.5,8.390605584816123
4.0,9.64667263952065
4.5,11.82866180331144
5.0,8.520277539815886
5.5,5.837549924739203
6.0,7.341203259493718
6.5,8.53468730074696
7.0,8.527126883625769
7.5,4.373163433651222