freq, val
0.5,6.43634297748923
1.0,8.511501445160134
1.5,7.110972091852919
2.0,7.5912599419179685
2.5,8.153064224909993
3.0,6.892300659168234
3.5,7.951686361867429
4.0,9.521128581493688
4.5,11.32273348363495
5.0,7.335013612002035
5.5,5.778029198992213
6.0,7.017066084292923
6.5,8.647052587646304
7.0,8.23875288720169
7.5,4.215806620958916