freq, val
0.5,8.655089443150882
1.0,8.988812128485304
1.5,7.0380722459157905
2.0,8.023566278266113
2.5,7.571188099876924
3.0,6.927118330867518
3.5,8.139907779935681
4.0,10.082420366255016
4.5,12.220951296303655
5.0,9.064352964520449
5.5,6.09255776740193
6.0,7.607507293232617
6.5,8.447133783007155
7.0,8.729768627237764
7.5,4.5432126945925875