freq, val
0.5,5.7203394636067575
1.0,7.705644466475425
1.5,7.254915947435613
2.0,8.039762852628758
2.5,7.821646068727351
3.0,7.3923973997287575
3.5,6.827761967654774
4.0,9.382314091111194
4.5,9.869066314189064
5.0,5.861277511644797
5.5,5.31541429491953
6.0,6.573962797742297
6.5,8.518190083916034
7.0,7.454234251308016
7.5,4.125854784032853