freq, val
0.5,3.3689619460528264
1.0,6.206403757755881
1.5,5.945434440251457
2.0,7.5778337185133555
2.5,7.537192009111059
3.0,7.387044122117854
3.5,7.059440895109698
4.0,8.837051974106346
4.5,7.06853675197708
5.0,4.1827848829264385
5.5,4.38636742325515
6.0,3.8683598048564614
6.5,5.07577615179463
7.0,5.874986051793738
7.5,3.585195641657716