freq, val
0.5,5.470588320935283
1.0,7.175913467244053
1.5,7.061208305925706
2.0,8.690742169283816
2.5,7.9064125977226904
3.0,7.733504784807209
3.5,6.954725768009025
4.0,9.176130278296208
4.5,8.993590216944906
5.0,5.084512898365395
5.5,5.413454848239018
6.0,5.803056256604371
6.5,7.766048743002086
7.0,6.948739123782288
7.5,3.7160117282792826