freq, val
0.5,7.041316402128626e-30
1.0,2.4814162885971243e-31
1.5,2.281355020971132e-31
2.0,8.109190904844078e-31
2.5,2.1543816184906996e-31
3.0,3.7469794357548686e-31
3.5,2.949369840868427e-31
4.0,7.6586124709567165e-31
4.5,2.199511035609199e-31
5.0,2.3133260464809392e-31
5.5,9.187110378412988e-32
6.0,5.824707224288134e-32
6.5,6.96048590355587e-32
7.0,2.0141263133160593e-31
7.5,1.5313930588061192e-31