freq, val
0.5,7.695560448302831e-29
1.0,9.650571735819777e-31
1.5,5.923555251357802e-31
2.0,5.5890109113786716e-30
2.5,5.023434766463299e-31
3.0,8.041699532206045e-31
3.5,2.698303297992295e-31
4.0,3.9107943545098954e-31
4.5,1.493634398706349e-30
5.0,4.5026291790969135e-31
5.5,9.394145362763452e-31
6.0,4.957873917058953e-31
6.5,5.862616171954862e-31
7.0,4.305718079070853e-31
7.5,9.93796780327064e-30