freq, val
0.5,2.0048385244077388e-29
1.0,1.5069499797008062e-30
1.5,1.5008868524520808e-30
2.0,4.374258958427223e-31
2.5,3.0461141850789966e-31
3.0,7.598983623714107e-31
3.5,4.021884153516784e-31
4.0,3.0962157898506277e-30
4.5,1.2365275288158441e-29
5.0,4.375525802080811e-31
5.5,8.099114414074646e-32
6.0,5.033767236817754e-31
6.5,1.976956422162223e-31
7.0,5.416386945947188e-31
7.5,4.038993389871634e-30