freq, val
0.5,7.341584953429923
1.0,7.743432378266038
1.5,8.998234421892468
2.0,9.69646952780008
2.5,8.606130153473863
3.0,7.813516524919653
3.5,7.9329731400844565
4.0,9.794694301746073
4.5,9.303100916882869
5.0,9.286159513479193
5.5,8.081027352750668
6.0,9.256924208931439
6.5,5.400643509640124
7.0,5.313189072141905
7.5,8.163807076974685