freq, val
0.5,9.604273465541556
1.0,8.611031985828616
1.5,8.899418639499913
2.0,11.257916107094903
2.5,9.625556384949792
3.0,9.867258978480947
3.5,10.719355001119894
4.0,11.472395781105112
4.5,10.75667857794195
5.0,11.558541336612029
5.5,10.85128426976909
6.0,12.20710006020581
6.5,11.929089158918217
7.0,12.106108045546872
7.5,12.453476981802929