freq, val
0.5,8.114976482
1,9.73518454
1.5,10.50327901
2,11.32282227
2.5,10.1298951
3,9.777921313
3.5,17.05781805
4,11.10914047
4.5,10.89594375
5,10.96887317
5.5,10.60064564
6,10.81190652
6.5,7.792497286
7,8.765529169
7.5,10.64156413
