freq, val
0.5,8.114976481917687
1.0,9.73518454047502
1.5,10.503279014711168
2.0,11.32282226639035
2.5,10.12989509682701
3.0,9.777921312671458
3.5,87.05781805324821
4.0,11.109140469884768
4.5,10.895943746729955
5.0,10.96887316912868
5.5,10.600645635500301
6.0,10.811906524221923
6.5,7.792497285887185
7.0,8.765529168801654
7.5,10.641564128818516