freq,val
-20,9.200112915523299e-20
-15,1.7804928951596097e-20
-10,3.2625409082011885e-21
-5,6.142151686524693e-22
0,1.7564793275028435e-22
5,5.2762909538827925e-23
10,3.3292285964047503e-23
15,2.912456741997509e-23
20,1.9293038082799977e-23