freq, val
0.5,7.356886525603934e-30
1.0,2.8580656101374612e-30
1.5,9.994925514852257e-31
2.0,1.0459216833530744e-30
2.5,2.1082044648893037e-30
3.0,2.700474897328199e-31
3.5,3.633954614391349e-31
4.0,1.3459533401589495e-31
4.5,6.137962968777293e-32
5.0,3.1787065314782954e-32
5.5,1.656853038020377e-32
6.0,3.345069098582511e-32
6.5,1.7659441514224003e-32
7.0,4.5015978301128524e-32
7.5,8.956016108239155e-32