freq, val
0.5,6.403905839414925e-10
1.0,2.6599815971097967e-10
1.5,1.0983593411156394e-10
2.0,2.0868142808458425e-10
2.5,2.2601328564007906e-10
3.0,7.042290622688248e-11
3.5,9.875966883099888e-11
4.0,7.85290429105904e-11
4.5,4.0423643070259116e-11
5.0,6.3423817475163386e-12
5.5,1.53135201688635e-12
6.0,2.6229707090248615e-13
6.5,-1.3838099145041874e-12
7.0,5.86311099664359e-13
7.5,2.333093872572756e-11