freq, val
0.5,1.2685612101359792e-09
1.0,7.889606593790425e-10
1.5,2.7112259586792693e-10
2.0,4.285210892735426e-10
2.5,4.0883337971828874e-10
3.0,2.474174980865292e-10
3.5,3.0671399400110784e-10
4.0,2.2742023941370688e-10
4.5,8.893413627449976e-11
5.0,2.3730170296878456e-11
5.5,1.0400271726764748e-11
6.0,9.314438999428211e-12
6.5,2.1118771517511854e-12
7.0,5.28065720684259e-12
7.5,3.9526818526372806e-11