freq,val
-20,5.1047221706442336e-09
-15,2.0696828726370754e-09
-10,9.227098249369426e-10
-5,4.633625298466452e-10
0,2.7771454552594154e-10
5,1.9766414748207847e-10
10,1.5031052580714266e-10
15,1.1534099031691998e-10
20,9.231490764982231e-11