freq,val
-20,9.159233377020475e-09
-15,4.292877294184243e-09
-10,2.458070711548705e-09
-5,1.6128020073946442e-09
0,1.06529833813556e-09
5,6.818778802012323e-10
10,4.512213578339078e-10
15,3.327045478777388e-10
20,2.795440676328029e-10