freq,val
-20,1.5052033814624937e-09
-15,6.827574845237956e-10
-10,3.1429863615059883e-10
-5,1.5179905709756986e-10
0,7.417400230995579e-11
5,4.809789880980835e-11
10,3.557875855734807e-11
15,2.5365153076015073e-11
20,1.79180653351156e-11