freq, val
0.5,2.8236019305058575e-09
1.0,1.4138294283076373e-09
1.5,5.873207504821666e-10
2.0,6.200654539318983e-10
2.5,4.3576511720157014e-10
3.0,2.6156032471017093e-10
3.5,5.034049743532372e-10
4.0,2.554291306781901e-10
4.5,1.1416480010881e-10
5.0,4.8350414845246114e-11
5.5,1.631256342418477e-11
6.0,2.482082466154413e-11
6.5,9.798531387636897e-12
7.0,2.319207557054463e-11
7.5,8.616651644554762e-11