freq, val
0.5,3.0226458707074296e-10
1.0,1.2908101736103853e-10
1.5,4.049596763024993e-11
2.0,4.1424614980531993e-11
2.5,4.2929930155807054e-11
3.0,1.8236396719950922e-11
3.5,3.7681095755406227e-11
4.0,2.309371416895672e-11
4.5,8.897849533878066e-12
5.0,-8.924850702951589e-13
5.5,-1.950352301104461e-12
6.0,-1.679858446736151e-12
6.5,-1.2020341870588388e-12
7.0,-1.1706935443958483e-12
7.5,2.016698030798207e-11