freq, val
0.25,5.785964799319719e-15
0.5,3.857309866213147e-15
0.75,5.785964799319719e-15
1.0,4.821637332766433e-15
1.25,3.857309866213147e-15
1.5,5.785964799319719e-15
1.75,4.821637332766433e-15
2.0,3.857309866213147e-15
2.25,4.821637332766433e-15
2.5,4.821637332766433e-15
2.75,3.857309866213147e-15
3.0,5.785964799319719e-15
3.25,4.821637332766433e-15
3.5,4.821637332766433e-15
3.75,4.821637332766433e-15
4.0,3.857309866213147e-15
4.25,5.785964799319719e-15
4.5,4.821637332766433e-15
4.75,5.785964799319719e-15
5.0,3.857309866213147e-15
5.25,4.821637332766433e-15
5.5,3.857309866213147e-15
5.75,4.821637332766433e-15
6.0,4.821637332766433e-15
6.25,4.821637332766433e-15
6.5,4.821637332766433e-15
6.75,4.821637332766433e-15
7.0,3.857309866213147e-15
7.25,5.785964799319719e-15
7.5,6.750292265873005e-15
7.75,3.857309866213147e-15