freq,val
-20,5.785964799319719e-15
-15,4.821637332766433e-15
-10,3.857309866213147e-15
-5,5.785964799319719e-15
0,5.785964799319719e-15
5,4.821637332766433e-15
10,4.821637332766433e-15
15,4.821637332766433e-15
20,5.785964799319719e-15