freq, val
0.5,7.835469249827925e-10
1.0,2.937534328515277e-10
1.5,1.3139251029829745e-10
2.0,1.1423230303146697e-10
2.5,1.0020616003079568e-10
3.0,1.087906031378465e-10
3.5,1.2721311505837991e-10
4.0,5.600331761972106e-11
4.5,3.362706308604949e-11
5.0,1.0196798631322488e-11
5.5,7.338532020464316e-12
6.0,6.034761285686277e-12
6.5,3.2324256678854152e-12
7.0,4.440727983475616e-12
7.5,4.1974281636462084e-11