freq, val
0.5,5.798520342547149e-10
1.0,1.8184901632894543e-10
1.5,7.760907450751511e-11
2.0,6.902463140040267e-11
2.5,7.94837271024608e-11
3.0,5.415952350369456e-11
3.5,9.110676605659928e-11
4.0,4.2578914957985116e-11
4.5,2.968489240280838e-11
5.0,4.6451654063847e-12
5.5,3.3780391153348513e-12
6.0,2.3606736381218055e-12
6.5,1.658643242471337e-12
7.0,2.6605794802197044e-12
7.5,3.317093619437329e-11