freq, val
0.5,1.6984258937540063e-08
1.0,7.862284297280428e-09
1.5,2.928274855293569e-09
2.0,2.225789297495406e-09
2.5,1.4821742088218814e-09
3.0,1.499580319587193e-09
3.5,2.43372337168688e-09
4.0,1.2783626345031525e-09
4.5,4.4420587551545593e-10
5.0,2.2453593596139606e-10
5.5,8.658214158362381e-11
6.0,1.2520249229067474e-10
6.5,4.066954657422791e-11
7.0,9.59071881849982e-11
7.5,3.455551756960244e-10