freq, val
0.5,2.07605386392602
1.0,6.957616331142914
1.5,10.013971189618033
2.0,10.443954271804106
2.5,10.343139522481799
3.0,10.389922825471093
3.5,6.5987835637191905
4.0,7.933294208527919
4.5,8.174046235280938
5.0,9.305985772272575
5.5,9.697669485565157
6.0,9.53859794235257
6.5,10.49877705764085
7.0,10.657959338400254
7.5,13.409679452809781