freq, val
0.5,7.740706240550539
1.0,8.083012611657088
1.5,8.038006211973965
2.0,8.870994266958173
2.5,8.29159209745299
3.0,6.622989340673229
3.5,8.016453533669424
4.0,9.404316642269098
4.5,10.724285713475766
5.0,12.445119047588232
5.5,11.158060983802498
6.0,11.273780939111262
6.5,12.016620314270979
7.0,12.206944966706608
7.5,14.423924494793514