freq, val
0.5,1.4399268306310917
1.0,4.5244985340126656
1.5,7.33117389458675
2.0,8.951534425389067
2.5,8.247284541210792
3.0,8.973362705780374
3.5,6.580192221994317
4.0,6.661209505537979
4.5,6.992408960255006
5.0,6.800546025454936
5.5,7.817749956383807
6.0,7.690905246348262
6.5,7.701889818952241
7.0,7.15209535113289
7.5,5.387288930940784