freq, val
0.5,3.3756969904981897
1.0,3.390830912891107
1.5,4.617222413320302
2.0,4.741686184711515
2.5,3.621326857896273
3.0,6.456364237292047
3.5,4.234757321129495
4.0,3.0070254430314867
4.5,2.6756275937002054
5.0,2.7125532779711743
5.5,1.7860230136222552
6.0,0.3818590179374124
6.5,2.0191849038929757
7.0,1.777145257332283
7.5,-3.5484323968854348