freq, val
0.5,9.495919634047015
1.0,10.835265133213241
1.5,11.358340299437998
2.0,16.253669071475468
2.5,13.207433364040018
3.0,12.756999760675363
3.5,12.201993734581205
4.0,9.938708508339362
4.5,14.137022750793912
5.0,10.430834119604981
5.5,5.735135499950098
6.0,5.884531689222257
6.5,10.111622670249535
7.0,11.1625792171767
7.5,12.45001248944061