freq, val
0.5,21.68200826881286
1.0,27.30823837565734
1.5,34.05201690409312
2.0,39.28433440486471
2.5,41.868737920239596
3.0,43.44965550399507
3.5,50.280127179604094
4.0,53.81302189932046
4.5,57.757213737987705
5.0,56.37956940631955
5.5,57.39509458506666
6.0,61.09073735653159
6.5,59.120525135411135
7.0,59.96761654432889
7.5,61.07634957362265