freq, val
0.5,2.8534965801805257
1.0,4.366318060206615
1.5,6.3024649055893
2.0,8.286748059004163
2.5,7.8794427902233855
3.0,8.424670102080322
3.5,6.444058047985576
4.0,6.711238960246031
4.5,6.608047269225045
5.0,6.352145341732256
5.5,7.151448922574021
6.0,7.233601206902472
6.5,7.143891056851767
7.0,6.8065026842721945
7.5,5.227782025237825