freq, val
0.5,7.825638127955344
1.0,9.901254482977365
1.5,10.888399060599411
2.0,12.410896340744802
2.5,12.061311969501077
3.0,13.075552827840344
3.5,8.589377539199468
4.0,8.97025707473402
4.5,8.225952370908283
5.0,8.790729889020882
5.5,6.293551323461697
6.0,5.600789227869739
6.5,4.962057643704009
7.0,5.116082911116115
7.5,-0.2180536061519878