freq, val
0.5,9.588404326043712
1.0,12.08407777279284
1.5,13.041670742401974
2.0,15.852047191688587
2.5,16.0067367403274
3.0,13.551300834134988
3.5,10.523121966676213
4.0,9.176456034596223
4.5,8.769084823020187
5.0,10.06227778869907
5.5,7.784279467807873
6.0,7.593669320547301
6.5,7.525983476392346
7.0,7.743566795195369
7.5,3.7899361913476994