freq,val
-20,8.302741646858975
-15,9.011411356278268
-10,9.075248675440628
-5,8.829192245689194
0,8.155160538319269
5,7.2207852970694955
10,6.337944075588089
15,5.484691894474611
20,4.866107494449681