freq, val
0.5,9.650518667258952
1.0,12.401334015663174
1.5,12.77463898686868
2.0,16.748176674517744
2.5,15.045460011539229
3.0,13.913942930300367
3.5,12.10726297974559
4.0,8.171121547218046
4.5,11.093275125341808
5.0,10.792991417617115
5.5,6.790508560579298
6.0,5.318352063027223
6.5,8.548321697326362
7.0,10.110331235502063
7.5,9.876184071570403