freq,val
-20,9.416199745154076
-15,8.661197833090604
-10,8.052351480296661
-5,7.533907410189217
0,7.139588331372662
5,6.858279741213336
10,6.67236152646407
15,6.746533277873567
20,6.818163578180688