freq, val
0.5,4.900455185192632
1.0,5.592491127180667
1.5,6.896334081001344
2.0,7.255230037114914
2.5,6.196173472557484
3.0,9.14834996655243
3.5,6.18017849157051
4.0,5.083085363923102
4.5,4.4830702910341085
5.0,4.8551339763360986
5.5,3.6262784330950466
6.0,2.478110113952415
6.5,3.389411540531749
7.0,3.338461689118006
7.5,-2.3270933831813623