freq, val
0.5,24.60182550283038
1.0,25.404281255125927
1.5,32.032217858641104
2.0,33.69563751574736
2.5,33.918389161777014
3.0,37.80559637124346
3.5,36.38594514879974
4.0,35.5588369871547
4.5,36.32285710324797
5.0,37.779295809034465
5.5,38.93357637227655
6.0,38.00073874598398
6.5,37.31193669480906
7.0,38.086386188207285
7.5,34.2968763896717