freq, val
0.5,1.102983501248501
1.0,5.8056699579212365
1.5,8.708582506163259
2.0,9.638546862419728
2.5,9.194226960348029
3.0,9.548734976824493
3.5,5.682651279536254
4.0,6.365428167898571
4.5,6.841612511816799
5.0,7.611913942329807
5.5,8.088423928332931
6.0,8.842388469649347
6.5,9.603315461121436
7.0,8.27928408468636
7.5,8.071941236371751