freq, val
0.5,5.568761461744831
1.0,6.40446629591713
1.5,9.179118941494632
2.0,10.603453745937458
2.5,7.27695286999507
3.0,8.937442088315512
3.5,6.264997589832063
4.0,5.862950390150389
4.5,6.847919400963766
5.0,9.107678682012043
5.5,7.830841603208844
6.0,8.3971461864333
6.5,12.639506437409214
7.0,14.18192832343167
7.5,18.900329222070262