freq, val
0.5,11.615342712487145
1.0,17.393097372173063
1.5,24.05974458652691
2.0,29.257440500053534
2.5,31.8596128295156
3.0,33.430742728747845
3.5,40.27319913212162
4.0,43.78992312125842
4.5,47.76312966489545
5.0,46.356562364032186
5.5,47.42781506557702
6.0,51.11431260373374
6.5,49.15441005441149
7.0,49.95421261626709
7.5,52.690350611978936