freq, val
0.5,-11.367128343832924
1.0,-7.64402539000927
1.5,-6.788259111306473
2.0,-6.398219135641737
2.5,-4.746262165456502
3.0,-2.2405463828762384
3.5,-2.9680072928213597
4.0,-3.2856389438442806
4.5,-3.0858024916539453
5.0,-1.5439928387779867
5.5,-0.6394636813674337
6.0,-1.4694322719310269
6.5,-1.9558294047212679
7.0,-1.0540422486883447
7.5,-2.741749132398036