freq, val
0.5,4.122648221911489
1.0,8.307735139196454
1.5,14.236247165687058
2.0,19.22375072210417
2.5,21.862178869446307
3.0,23.39316308126157
3.5,30.280903014845656
4.0,33.773721081608635
4.5,37.77517178510904
5.0,36.35234681268529
5.5,37.438869071610405
6.0,41.120753415180715
6.5,39.16421590869947
7.0,39.95110371102114
7.5,42.65873797589195