freq, val
0.5,42.44930538396492
1.0,47.38735011739585
1.5,54.19175930256958
2.0,59.45156672763167
2.5,62.08967397399893
3.0,63.60965958845894
3.5,70.61652326533715
4.0,74.57738281416793
4.5,78.61585351986496
5.0,77.05193601098445
5.5,77.24297494869263
6.0,80.38205985645916
6.5,78.50486625712264
7.0,79.05131057391513
7.5,72.84693420928902