freq, val
0.5,1.85048760334909
1.0,4.19915792545037
1.5,11.958263833542457
2.0,13.652034329771121
2.5,13.92027285480205
3.0,17.62771236083446
3.5,16.315897795685604
4.0,15.488913756126035
4.5,16.294759541698415
5.0,17.79018451931534
5.5,18.94579496034096
6.0,18.06649293676138
6.5,17.399049343376934
7.0,18.386487895323988
7.5,15.1316183227135