freq, val
0.5,7.4887908173092494
1.0,12.62796796223482
1.5,19.096558406303128
2.0,24.232138922452204
2.5,26.853527857851844
3.0,28.413345148043064
3.5,35.27455835893082
4.0,38.78257148201418
4.5,42.769133677113594
5.0,41.353121080828586
5.5,42.43414560503914
6.0,46.11755193525619
6.5,44.16067584202967
7.0,44.95139175249439
7.5,47.80043877725898