freq, val
0.5,33.04866878180144
1.0,37.315098630009174
1.5,44.068114025011845
2.0,49.30710197617348
2.5,51.89040466283594
3.0,53.47125110125713
3.5,60.32496720599294
4.0,63.924216492951416
4.5,67.92338660936332
5.0,66.51755126217446
5.5,67.28954282137651
6.0,70.93103057901654
6.5,68.99602270807831
7.0,69.90546742358761
7.5,68.10884848426144