freq, val
0.5,16.393103969846653
1.0,22.324705580983178
1.5,29.051751682393373
2.0,34.274130510422346
2.5,36.86470735636034
3.0,38.441945423099156
3.5,45.274792514956665
4.0,48.79849740926953
4.5,52.757322303849385
5.0,51.363715819459884
5.5,52.41651655512545
6.0,56.107915879641084
6.5,54.14269645771917
7.0,54.95994428818576
7.5,57.130549628003074