freq,val
-20,36.35464854265231
-15,31.343828874272646
-10,26.265335283547266
-5,21.04298356900932
0,15.644464510074894
5,10.219228671284288
10,4.910658034520803
15,0.021019434019162595
20,-3.929249672940991