freq, val
0.5,0.4118584571885376
1.0,5.023307621542191
1.5,8.504064157528742
2.0,9.422370128371293
2.5,8.653332920496846
3.0,9.390751008690966
3.5,6.128570506515116
4.0,6.439414873453777
4.5,7.053478362072264
5.0,7.209245437345604
5.5,8.232017955167874
6.0,8.487992906147607
6.5,8.478290600342364
7.0,7.487231982960165
7.5,6.180190456345317