freq, val
0.5,-7.7116347757473855
1.0,-3.909576273507891
1.5,1.6181360034435204
2.0,3.5757578124632516
2.5,4.215440627088574
3.0,7.621479319573633
3.5,6.460497224323731
4.0,5.641076256991155
4.5,6.326158733134106
5.0,7.84327777873846
5.5,8.983956638736496
6.0,8.157696268679093
6.5,7.492368105288697
7.0,8.473971613299849
7.5,5.517907765793866