freq, val
0.5,-3.4672203960122077
1.0,-0.6073156180160345
1.5,6.837411155838955
2.0,8.698652789439151
2.5,9.03441317350633
3.0,12.61366808127298
3.5,11.345879034709602
4.0,10.514244958516842
4.5,11.282480243236176
5.0,12.800511263120438
5.5,13.95284722370086
6.0,13.102286280311136
6.5,12.435362193525783
7.0,13.414348352322072
7.5,10.26001677618854