freq,val
-20,9.297967719748966
-15,9.48720365699288
-10,9.459623698369382
-5,9.02338099687768
0,8.510440675500579
5,8.020194310387144
10,7.620732779784295
15,7.200867151284276
20,6.781311388009356