freq, val
0.5,19.217515291595298
1.0,20.211831355720506
1.5,27.016572261530168
2.0,28.68206008463406
2.5,28.899781290207297
3.0,32.782042116570544
3.5,31.376618619319192
4.0,30.55380121966231
4.5,31.327859860514486
5.0,32.78883087843528
5.5,33.94750706206352
6.0,33.037117662280615
6.5,32.348386525160464
7.0,33.29448443902789
7.5,29.622916539350975