freq, val
0.5,4.57936891399693
1.0,6.668606760788447
1.5,8.82418886667855
2.0,10.580689848723313
2.5,8.254903412354238
3.0,9.076509035760923
3.5,6.229807753333546
4.0,6.589931985236102
4.5,6.363423892165004
5.0,8.447664526877343
5.5,8.075243645329769
6.0,8.490773514779807
6.5,11.520928360139479
7.0,12.086351076072624
7.5,15.11831127804838