freq, val
0.5,8.908073973983209
1.0,11.25010429362763
1.5,12.102858466738907
2.0,14.698049635327422
2.5,14.716935990032935
3.0,13.493384660825676
3.5,9.108610336418332
4.0,9.986453836098494
4.5,9.231666566927332
5.0,9.436472516154913
5.5,7.70300699240455
6.0,6.691497675474701
6.5,6.564399154784364
7.0,6.3338514191832616
7.5,1.3398983335010983