freq, val
0.5,6.021020631297582
1.0,6.26157150950934
1.5,8.960543214136866
2.0,8.833847305940642
2.5,6.373595956473984
3.0,8.324033517193284
3.5,3.7176926051381787
4.0,5.193087703518047
4.5,8.343897463728995
5.0,9.577972956665485
5.5,8.100887224563094
6.0,8.732853451058876
6.5,13.586061308341264
7.0,15.85070795781122
7.5,20.964099023821085