freq, val
0.5,37.62905541920737
1.0,42.33444336543553
1.5,49.099645978288244
2.0,54.34307299251153
2.5,56.93906952788482
3.0,58.50699829536062
3.5,65.40649791160772
4.0,69.14151850679409
4.5,73.34141639035722
5.0,71.75533707994249
5.5,72.23534138828755
6.0,75.74584173678424
6.5,73.84364725756497
7.0,74.67198022267903
7.5,70.94542852838764