freq, val
0.5,-12.867640722435958
1.0,-8.59867842378183
1.5,-10.698138226909741
2.0,-12.948905880536866
2.5,-11.131893745713644
3.0,-9.720996899911054
3.5,-11.360802498061357
4.0,-10.722632309650955
4.5,-11.336640587239245
5.0,-10.171344323330159
5.5,-9.057425487044915
6.0,-9.83824310600954
6.5,-9.63565868564483
7.0,-9.625331830412733
7.5,-7.832165668827306