freq, val
0.5,34.78976310191386
1.0,35.554304553588885
1.5,42.0365160988397
2.0,43.69993768108902
2.5,43.92968786562338
3.0,47.813106749209346
3.5,46.38537508577844
4.0,45.519199478457246
4.5,46.25781759541966
5.0,47.686585058180164
5.5,48.75735055776367
6.0,47.73819363351671
6.5,47.047958673680995
7.0,46.70004784767065
7.5,43.590510627147346