freq, val
0.5,6.3328653939060455
1.0,7.878933050988195
1.5,9.117385657240739
2.0,9.861435695600903
2.5,9.0141012140792
3.0,11.645322222889291
3.5,7.761329041687293
4.0,7.059959832092851
4.5,6.747093590334584
5.0,6.942796670602872
5.5,5.179396208316
6.0,4.260263423570657
6.5,4.141354577959057
7.0,4.316245243401978
7.5,-1.3464362681552822