freq,val
-20,19.69877508287376
-15,15.207459725314639
-10,10.741260167933554
-5,6.3820669466266065
0,1.9966905704497317
5,-2.4379449333053875
10,-6.820948424733397
15,-10.782247926205509
20,-14.247524112470153