freq, val
0.5,2.955202921743418
1.0,6.447222919836493
1.5,8.99920604129302
2.0,10.131043345478313
2.5,9.402265204855167
3.0,9.338464922723018
3.5,5.696876945448236
4.0,6.670757368882371
4.5,6.605342678744521
5.0,8.23785374940338
5.5,7.927272893319027
6.0,8.735663013208278
6.5,10.174973414743896
7.0,9.90120385310604
7.5,10.878023105966339