freq, val
0.5,6.30514874139608
1.0,5.725873799265477
1.5,8.706754386922848
2.0,7.5488492299441585
2.5,6.331537993161572
3.0,6.475477658307596
3.5,0.9071246177207754
4.0,4.507900576641909
4.5,9.325044398412599
5.0,9.337454589113927
5.5,8.031709157959172
6.0,9.4898965321619
6.5,14.890297387851362
7.0,16.899108767032857
7.5,21.99451898198937