freq,val
-20,19.07264573853987
-15,14.267501260535639
-10,9.431243435948597
-5,4.608467174461577
0,-0.1295950766181837
5,-4.592504455140558
10,-8.517846032332361
15,-11.633041159411139
20,-13.876614958618488