freq, val
0.5,-1.2081740768227096
1.0,-0.23440334014613462
1.5,3.4945754414313117
2.0,3.88157406841981
2.5,3.869395436564722
3.0,5.746557244175708
3.5,2.644245920973394
4.0,1.2279826210657232
4.5,-0.5298549825585623
5.0,2.3338408005251794
5.5,2.9650823430727518
6.0,0.9072871298661938
6.5,1.284541757046172
7.0,0.22106785606243085
7.5,1.4493330943058982