freq, val
0.5,27.822850180799623
1.0,32.30782747273338
1.5,39.05649171262754
2.0,44.29301897102948
2.5,46.87472938277353
3.0,48.45738556858827
3.5,55.29311607821288
4.0,58.844507639196166
4.5,62.78622484488252
5.0,61.41820055294729
5.5,62.3548778356231
6.0,66.04326604825276
6.5,64.07792391364123
7.0,64.96570723546486
7.5,64.72938577717011