freq,val
-20,36.48749844853385
-15,31.510083255223535
-10,26.486517454396477
-5,21.45065887468451
0,16.441504235922302
5,11.491650854824309
10,6.730396104365606
15,2.4419252741242743
20,-1.1179310632350306