freq, val
0.5,13.48320704879762
1.0,14.93583657153909
1.5,21.991214108430302
2.0,23.660217937388346
2.5,23.88137888862211
3.0,27.736024342179448
3.5,26.356759068351742
4.0,25.534843582258944
4.5,26.321445113129304
5.0,27.790417340838076
5.5,28.949414137576035
6.0,28.047437562111973
6.5,27.364384662581575
7.0,28.3583041828006
7.5,24.8986364834767