freq, val
0.5,7.641804786675378
1.0,9.533259354341968
1.5,16.972805209345843
2.0,18.640907867607407
2.5,18.882095298192198
3.0,22.675329317216672
3.5,21.329686350894804
4.0,20.507256313908954
4.5,21.31012077327689
5.0,22.789473219868775
5.5,23.94743999255473
6.0,23.05156583960953
6.5,22.377750014584766
7.0,23.373313782104592
7.5,20.043923948093763