freq, val
0.5,29.741468862077205
1.0,30.518326352521825
1.5,37.03780015595036
2.0,38.70095914066719
2.5,38.928332676870205
3.0,42.814114633357676
3.5,41.388566851329465
4.0,40.54830412546625
4.5,41.300294219141065
5.0,42.75167466506432
5.5,43.88426960776825
6.0,42.90943354821814
6.5,42.22111377675476
7.0,42.56809150526283
7.5,38.98774696645653