freq,val
-20,57.453800190753135
-15,52.69130720206085
-10,47.89369680284979
-5,43.12794272733547
0,38.37871942743942
5,33.66835123182119
10,28.959108790769662
15,24.397364268776904
20,20.35783919002647