freq, val
0.5,9.806448663860301
1.0,12.480788919343421
1.5,13.412083884226808
2.0,16.600350815065312
2.5,15.783585149176385
3.0,14.141446065558338
3.5,12.163973603841036
4.0,8.4575085602605
4.5,8.648428549549502
5.0,11.289481988912321
5.5,7.874253596247575
6.0,7.037639660243455
6.5,7.4872152315726055
7.0,9.047443949669985
7.5,6.855619185619442