freq,val
-20,57.40216204477952
-15,52.86423331834291
-10,48.09341200181326
-5,43.26686072208068
0,38.396749675128945
5,33.534862609786984
10,28.79706099514607
15,24.427794494684218
20,20.80035856735642