freq, val
0.5,1.7105729336777553
1.0,7.441900803129848
1.5,7.379848866415006
2.0,8.462609769798057
2.5,7.88277870067644
3.0,8.87502710869824
3.5,6.6398533086901015
4.0,6.682643331464725
4.5,6.708122854670767
5.0,6.0789166499831735
5.5,6.848010557948623
6.0,6.74154738657702
6.5,6.8830000670316895
7.0,6.290049643640306
7.5,4.921512893424138