freq, val
0.5,2.6506015919463692
1.0,6.8098350098916685
1.5,9.6540468035732
2.0,9.49115662027315
2.5,8.49771029918412
3.0,10.933757761325493
3.5,7.003954691193571
4.0,6.239227900670452
4.5,7.388938086909068
5.0,8.15740805231017
5.5,6.714671278048123
6.0,6.448286233103241
6.5,7.724263722711848
7.0,8.694143278336812
7.5,8.743160674564015