freq, val
0.5,-2.1439313701807903
1.0,4.482024402332886
1.5,8.059533585423818
2.0,8.85573913541291
2.5,8.085214012464876
3.0,9.480635764038926
3.5,6.10148396246932
4.0,6.487660975737145
4.5,6.905948018406298
5.0,6.828427960688893
5.5,6.894509810157362
6.0,7.156190318216109
6.5,7.810186095233098
7.0,6.578633599895537
7.5,5.756922550336768