freq, val
0.5,4.636379806468202
1.0,7.610517657905273
1.5,7.709115411450627
2.0,8.479634379043283
2.5,7.6974040473516725
3.0,8.658813751452698
3.5,6.617042931413078
4.0,6.503472986134275
4.5,6.423012404672937
5.0,5.7155390977020595
5.5,6.470515982235185
6.0,6.4698977863686675
6.5,6.7008350860426935
7.0,6.357523325064296
7.5,4.719968040974298