freq, val
0.5,0.35595374690191167
1.0,5.588113544218213
1.5,9.284935727435466
2.0,9.282966637851672
2.5,8.646594086894941
3.0,10.152873388947452
3.5,6.4705263194995855
4.0,6.36393329735072
4.5,7.098349468520362
5.0,7.6244678383867805
5.5,6.608585470672481
6.0,6.59035137064163
6.5,7.748789399722811
7.0,7.653181818318549
7.5,7.432206804575073