freq, val
0.5,-1.4132246389339007
1.0,4.891201752244358
1.5,8.720380710772652
2.0,9.190840394340816
2.5,8.42055705124927
3.0,9.734883476545814
3.5,5.974066940259285
4.0,6.516833481601423
4.5,6.888584630799832
5.0,7.073204693526573
5.5,6.591278513458681
6.0,7.036282655132205
6.5,7.7934468477758365
7.0,6.9868659596237315
7.5,6.398500112701447