freq, val
0.5,-1.0628388671031188
1.0,4.844031586754427
1.5,7.516522227588077
2.0,8.604615227564253
2.5,7.956265322095519
3.0,9.142386789124052
3.5,6.486451831970933
4.0,6.628289205206474
4.5,6.822787512496628
5.0,6.476932047113962
5.5,7.053738655827221
6.0,7.029932361460931
6.5,7.3629751537670405
7.0,6.31336172865053
7.5,5.303426814607074