freq, val
0.5,4.959211014660141
1.0,8.068373919224637
1.5,10.032490536343008
2.0,9.978358802471131
2.5,8.779657646682967
3.0,11.335521804254027
3.5,7.280436252174718
4.0,6.341575730799395
4.5,8.29936098867574
5.0,8.712689469100228
5.5,6.460631221412583
6.0,6.102238013198243
6.5,7.964096398585886
7.0,9.67821060461967
7.5,10.319936150281457