freq, val
0.5,6.820012371213369
1.0,8.653414030985259
1.5,9.992943422361316
2.0,10.369339310794805
2.5,9.287227206156402
3.0,11.132240117816348
3.5,7.691733484828676
4.0,6.970309437090645
4.5,9.66990557463602
5.0,8.613334915461968
5.5,5.8019168852277625
6.0,6.0807576244535175
6.5,9.378447149666298
7.0,10.72542845818351
7.5,12.123623496269483