freq, val
0.5,-7.331337535988145
1.0,0.32669673984835224
1.5,2.7751147261538867
2.0,1.126724483895871
2.5,-0.24912847258077847
3.0,3.823436897243605
3.5,0.30989973061256365
4.0,0.8475505219409297
4.5,2.3691296193899816
5.0,3.1341773944750946
5.5,3.6202372982035538
6.0,3.8002426258036186
6.5,5.115929491531819
7.0,4.8358731199611436
7.5,2.8040249951728784