freq, val
0.5,-7.034635351648644
1.0,0.4700097415177937
1.5,3.085795910835128
2.0,2.2622104104829495
2.5,1.44393486735911
3.0,4.938032602469954
3.5,1.4973227730258918
4.0,1.8813128891920097
4.5,3.049499916370291
5.0,3.4126458566216145
5.5,3.8433537294609827
6.0,4.20762736448736
6.5,5.408693970777873
7.0,5.081906809098696
7.5,2.9629287344060193