freq, val
0.5,-5.667071526895975
1.0,0.8190600539369042
1.5,4.515408955198719
2.0,5.706627300907478
2.5,5.305146814984683
3.0,7.398700141741922
3.5,5.215731950381737
4.0,4.659856964366704
4.5,5.35424850158712
5.0,4.592510067690212
5.5,5.085243040546562
6.0,5.276779820418254
6.5,5.889555908701815
7.0,5.318784809284265
7.5,3.7213003653144865