freq, val
0.5,-7.315800218399181
1.0,-0.8383299870110159
1.5,2.8662283045626067
2.0,-0.09814526102281401
2.5,-1.596999125490885
3.0,2.818150026862466
3.5,-0.7255400101760585
4.0,-0.0889145904628813
4.5,1.8887306061486122
5.0,2.7399842643000243
5.5,3.3892661562469604
6.0,3.2373518338554508
6.5,4.739215795767826
7.0,4.547195056206413
7.5,2.611447804803686