freq, val
0.5,3.181476086977936
1.0,5.804959569706031
1.5,6.235733337815024
2.0,7.42389082383604
2.5,6.90984185781235
3.0,7.920983989318387
3.5,6.3105183028571785
4.0,6.001155825729839
4.5,5.804118362546716
5.0,4.8897562402828925
5.5,5.421574204398971
6.0,5.382979741114759
6.5,5.645120867416564
7.0,5.667654294054472
7.5,4.061642882680161