freq, val
0.5,-6.696852316536717
1.0,0.9868946012171536
1.5,3.65773794133872
2.0,3.5037751017461916
2.5,3.1302557729707625
3.0,6.066090232166941
3.5,2.7881038053057834
4.0,2.9679931440890357
4.5,3.8652799888464933
5.0,3.7439020666745275
5.5,4.184068885149873
6.0,4.572122064604015
6.5,5.620842349668874
7.0,5.233634789467563
7.5,3.18713799024074