freq, val
0.5,-0.2713439506187743
1.0,5.10173039618521
1.5,5.312438131231064
2.0,6.944117818375904
2.5,6.6839811113929635
3.0,7.834812284222915
3.5,6.262232104741273
4.0,5.944183694238456
4.5,5.894634036747802
5.0,4.933205065435401
5.5,5.379096845195508
6.0,5.463063498261336
6.5,5.637339763180269
7.0,5.479969607240426
7.5,3.9822264625691624