freq, val
0.5,-3.7121767043741154
1.0,1.6520156275461004
1.5,4.784515742454396
2.0,6.434274858368062
2.5,6.098765985149055
3.0,7.657211363733916
3.5,6.018737057626707
4.0,5.469228263968197
4.5,5.731817661045663
5.0,4.864977037322938
5.5,5.273756578971028
6.0,5.462263919735126
6.5,5.765219792191151
7.0,5.335028813133037
7.5,3.884030089992935