freq, val
0.5,-6.3834004143403416
1.0,0.8395538128308238
1.5,4.204243518423986
2.0,4.737975822090056
2.5,4.434358084128673
3.0,6.8570790969853395
3.5,4.044267368463597
4.0,3.915015428678012
4.5,4.69371099931311
5.0,4.166504009356892
5.5,4.67661891527071
6.0,4.938918741043016
6.5,5.812493113025322
7.0,5.288540089593319
7.5,3.4448936045986995