freq,val
-20,0.1658421680338682
-15,0.17384813343649536
-10,0.1845937594294153
-5,0.24067284030806493
0,0.3828307469066986
5,0.408877052810556
10,0.4167764136872926
15,0.3391670819630832
20,0.40295734693382385