freq, val
0.5,0.031554484890381526
1.0,0.20233000755997968
1.5,0.3156648724134257
2.0,0.3590104878717006
2.5,0.24872764405505943
3.0,0.3810606555444289
3.5,0.05104775951129019
4.0,0.12598210814631128
4.5,0.15453337184906865
5.0,0.10533633500689567
5.5,0.1796283758701719
6.0,0.037342147117492674
6.5,0.04748353173819595
7.0,0.1695877054472689
7.5,0.05613886597964601