freq, val
0.5,0.05060460833120163
1.0,0.16913792623203722
1.5,0.17849861360309563
2.0,0.3361295502043497
2.5,0.2629729956319272
3.0,0.32672607168471157
3.5,0.04307964273678812
4.0,1.0549703377677742
4.5,0.1959191370933312
5.0,0.1359967729061126
5.5,0.167943679693648
6.0,0.08592025879726385
6.5,0.10155759047047773
7.0,0.20134576065081602
7.5,0.1092214268405764