freq, val
0.5,0.022959985114785548
1.0,0.2178933990916838
1.5,0.3913835748683357
2.0,0.334120597201829
2.5,0.1909311783282173
3.0,0.3486570705093328
3.5,0.024633374956338144
4.0,0.05760235788777905
4.5,0.20558282358407523
5.0,0.09055013590303813
5.5,0.18225372438035306
6.0,0.013209120593131033
6.5,0.060699549054201864
7.0,0.1665106398017387
7.5,0.037762806314101414