freq, val
0.5,0.16477885278994342
1.0,0.039608769059085475
1.5,0.1424971130297805
2.0,0.38756284116167483
2.5,0.07801719516842485
3.0,0.856625289815677
3.5,0.2053319173972522
4.0,0.48649524890823737
4.5,1.6891344761568872
5.0,0.5903733730874479
5.5,0.31249836364229394
6.0,0.3694956100478402
6.5,0.053399852189970405
7.0,0.19647128911149292
7.5,0.2338915182974698