freq, val
0.5,0.050065634453389234
1.0,0.04854521892925434
1.5,0.20107682301782392
2.0,0.33233408085395993
2.5,0.18766300610206352
3.0,0.6177753930129211
3.5,0.2504999521656379
4.0,2.6061932954806664
4.5,0.528275096719382
5.0,0.17775554716866265
5.5,0.3950304447731625
6.0,0.05073014722481357
6.5,0.07766814290330824
7.0,0.29284346659143434
7.5,0.06847917667900781