freq, val
0.5,0.12184358199848645
1.0,0.03901284494489669
1.5,0.11379944642521636
2.0,0.3760902918229539
2.5,0.11449173571672215
3.0,0.891520028075437
3.5,0.2969397213454921
4.0,1.1158467002118637
4.5,0.8763852524674802
5.0,0.2641338858232368
5.5,0.27089335158509753
6.0,0.10670706081131552
6.5,0.05026283210341491
7.0,0.0998543091458402
7.5,0.1324016870041987