freq, val
0.5,0.039566111315282114
1.0,0.16449363797685085
1.5,0.25526013129511316
2.0,0.353351910896894
2.5,0.30530038358132305
3.0,0.3868275855245246
3.5,0.004913465869264793
4.0,0.1606822320215482
4.5,0.27947223212774225
5.0,0.1041774666800254
5.5,0.218587980811997
6.0,0.05524995552096041
6.5,0.02336541113822788
7.0,0.19687941964711753
7.5,0.07575081892022548