freq, val
0.5,0.0369147904372636
1.0,0.11975859904843239
1.5,0.17841365597140862
2.0,0.31611097442145725
2.5,0.2989717873834385
3.0,0.3404602715422139
3.5,0.11133059565312807
4.0,3.1335943659995924
4.5,0.26541127445536694
5.0,0.07235552433580923
5.5,0.05989369085184498
6.0,0.08367856601891739
6.5,0.15948129066775452
7.0,0.10193831397117421
7.5,0.11823154637324323