freq, val
0.5,-0.026104997430366778
1.0,-0.49948204478862634
1.5,-2.423959439098582
2.0,-2.449240803169154
2.5,-2.7588523424757883
3.0,-2.4026863849473306
3.5,-1.8112735416721957
4.0,-0.34660438785795067
4.5,-0.031176520868309802
5.0,-1.0626610816263464
5.5,-3.8856084695421673
6.0,-9.579019297183418
6.5,-21.277276087061328
7.0,-5.692710108412501
7.5,-1.9443781338808506