freq, val
0.5,-0.15134064890930782
1.0,-0.23544146014863318
1.5,-0.1145766265778362
2.0,-0.2704419978583932
2.5,-0.10232664308752876
3.0,-0.18693394265613925
3.5,-0.017952092798553608
4.0,-0.11070745991073357
4.5,-0.1099915827272633
5.0,-0.44479094179612516
5.5,-1.4496477338713512
6.0,-2.850675080334306
6.5,-0.6619760010636161
7.0,-2.7546412690745177
7.5,-0.3470079583731029