freq, val
0.5,-0.0657112085995271
1.0,-0.9286734320994399
1.5,-4.059597691095222
2.0,-5.885048274134393
2.5,-4.364634401927542
3.0,-3.566529097737843
3.5,-1.7431586782108985
4.0,-0.32042421829022255
4.5,-0.05125267155196013
5.0,-1.1707639592050803
5.5,-3.9538945784037756
6.0,-9.897235280430213
6.5,-22.33680515948609
7.0,-6.60886598886277
7.5,-2.2402425993671984