freq, val
0.5,-0.20986249220409275
1.0,-0.597973707144987
1.5,-0.7914542946371078
2.0,-1.1336550461253625
2.5,-2.0396811187966164
3.0,-1.221439248886851
3.5,-0.4234183939656399
4.0,-3.5406434699759237
4.5,-0.8648181712276536
5.0,-0.34214777125044066
5.5,-0.4812374424353672
6.0,-0.7820628341818896
6.5,-0.7080590930948107
7.0,-1.1253343852218902
7.5,-0.8396643876980137