freq,val
-20,-1.0842540689161702
-15,-1.1558026253019764
-10,-1.1856200415514815
-5,-1.1257821275174242
0,-1.1290387905661428
5,-1.2438121012445587
10,-1.4352156745060012
15,-1.814233892693409
20,-2.3159751481265314