freq, val
0.5,-0.6120862485992941
1.0,-0.16064768643093016
1.5,-0.6555878902819529
2.0,-1.2351115456402482
2.5,-0.30131088274876333
3.0,-2.138567770156886
3.5,-1.2299878328187197
4.0,-2.1881307062644573
4.5,-3.6564713603231747
5.0,-1.81600546370114
5.5,-1.6057027765411225
6.0,-1.2378900131062578
6.5,-0.2185596232038822
7.0,-1.0329769866408305
7.5,-1.246444741491907