freq, val
0.5,-0.2645823228466407
1.0,-0.8686442851403209
1.5,-0.6869357979973076
2.0,-1.234071349269086
2.5,-1.9995577368745714
3.0,-1.229399371202216
3.5,-0.5051684101630196
4.0,-5.444717350849957
4.5,-0.6613929215280763
5.0,-0.2953102410150852
5.5,-0.4391507517346208
6.0,-0.7061586525506138
6.5,-1.3667230643177626
7.0,-0.9411397254700038
7.5,-0.9429598331565578