freq, val
0.5,-0.20506204180081516
1.0,-0.5751304120335949
1.5,-0.907182558924241
2.0,-1.1577237933947067
2.5,-1.2513913348214731
3.0,-1.229315158829751
3.5,-0.021229377711175203
4.0,-2.2214305234170797
4.5,-1.0295440552947335
5.0,-0.3997559288683784
5.5,-0.7156741581543355
6.0,-0.22038359277025177
6.5,-0.09811014265882731
7.0,-0.7138966312779288
7.5,-0.309107063607354