freq, val
0.5,-0.05729924006818237
1.0,-0.0980488385792825
1.5,-0.10032116373022423
2.0,-0.24940030971611346
2.5,-0.15756258651944546
3.0,-0.08732832738343667
3.5,-0.05126892407523177
4.0,-0.09071437497287851
4.5,-0.16640447827999177
5.0,-0.3562786046050912
5.5,-0.43158631991654517
6.0,-0.7559097351439426
6.5,-0.07499701815736293
7.0,-0.9747143490352799
7.5,-0.07814282688488981