freq, val
0.5,-0.429638467009042
1.0,-2.528611117543407
1.5,-6.799511437378283
2.0,-18.6383079231707
2.5,-11.491786174009064
3.0,-4.572283268134788
3.5,-1.5164670292873048
4.0,-0.24592501221920243
4.5,-0.10538996552106834
5.0,-1.2416052917167568
5.5,-4.004973628827111
6.0,-10.143257148410207
6.5,-25.75942162214574
7.0,-7.911271792158432
7.5,-2.451446788697212