freq, val
0.5,-0.4886475484627248
1.0,-2.4716614541730504
1.5,-6.775054818819546
2.0,-16.850971689293793
2.5,-10.806564363939264
3.0,-4.524938512733481
3.5,-1.5315587996910554
4.0,-0.2506610731160094
4.5,-0.10278157628374027
5.0,-1.2399924844274683
5.5,-4.002943721835381
6.0,-10.135366634238077
6.5,-25.54429158913039
7.0,-7.895160047421648
7.5,-2.450549712657964