freq, val
0.5,-0.016705930032931686
1.0,-0.01803547184865178
1.5,-0.07348567844588116
2.0,-0.05658583831238806
2.5,-0.049584056332932634
3.0,-0.043467743739356024
3.5,-0.09560517823991535
4.0,-0.1339120939457938
4.5,-0.12676702245899896
5.0,-0.09457284144143276
5.5,-0.03534493086347453
6.0,-0.1656085454839851
6.5,-0.05235529782667182
7.0,-0.05642836932910278
7.5,-0.015527371578906003