freq, val
0.5,-0.5782624781651196
1.0,-2.579202185912981
1.5,-6.851862746375796
2.0,-18.78412902196207
2.5,-11.549494726195238
3.0,-4.574735690500905
3.5,-1.52833411448688
4.0,-0.26190846318259514
4.5,-0.10477349269283648
5.0,-1.2414561846927925
5.5,-4.004865926757677
6.0,-10.142457023401462
6.5,-25.78470085256869
7.0,-7.9098946766556075
7.5,-2.452100395833576