freq, val
0.5,-0.036550058476514616
1.0,-0.9364121125591551
1.5,-5.017516692760491
2.0,-10.725867431201054
2.5,-9.088056334898132
3.0,-4.168506536075796
3.5,-1.5393786073155888
4.0,-0.32347121078333435
4.5,-0.10518294407341804
5.0,-1.2399964351465669
5.5,-4.000914122583097
6.0,-10.129189113834851
6.5,-24.900932870384214
7.0,-7.915901481281171
7.5,-2.4484308671081476