freq, val
0.5,-0.3815164592862303
1.0,-2.251198675017789
1.5,-6.593361227221538
2.0,-14.741887584792554
2.5,-9.818773855141743
3.0,-4.4650715953568785
3.5,-1.5415779571178612
4.0,-0.2399584249538555
4.5,-0.09976552545525515
5.0,-1.2376115653956306
5.5,-4.00033408062613
6.0,-10.125005919221765
6.5,-25.14922023089492
7.0,-7.853453244185227
7.5,-2.445832672114076