freq, val
0.5,-0.3150505053566379
1.0,-0.47857663806562867
1.5,-0.7484398356830612
2.0,-1.4614961213425117
2.5,-1.2951062653614922
3.0,-1.8154805259470574
3.5,-0.8507720233851679
4.0,-6.498023494334525
4.5,-1.7726311685776686
5.0,-0.6246274825604196
5.5,-0.7438094446143985
6.0,-0.5058349299604474
6.5,-3.298829909680663
7.0,-0.672036360760929
7.5,-1.8100222258685226