freq, val
0.5,-0.2606919650287357
1.0,-2.2755520527511974
1.5,-6.640417530453535
2.0,-17.465328452930827
2.5,-11.214448336865054
3.0,-4.535140922952385
3.5,-1.508846806015175
4.0,-0.23400910556529092
4.5,-0.1053376562733705
5.0,-1.2413419203540006
5.5,-4.004145694766707
6.0,-10.141478276020791
6.5,-25.664401919710738
7.0,-7.9123199547066525
7.5,-2.4509961562275797