freq, val
0.5,-0.5899012718060734
1.0,-2.5882277161366023
1.5,-6.857978331565793
2.0,-19.848063387778087
2.5,-11.644590238450924
3.0,-4.595392051274717
3.5,-1.5275296933876308
4.0,-0.2653807991843037
4.5,-0.1054590290549722
5.0,-1.2419012779405159
5.5,-4.005598452329155
6.0,-10.144927589848827
6.5,-25.830242467459406
7.0,-7.909924953102859
7.5,-2.451938944922849