freq, val
0.5,-0.19873303580813043
1.0,-0.19860262614953078
1.5,-0.8455944381120815
2.0,-1.0812558615656824
2.5,-0.6611605721442855
3.0,-1.9201350354966238
3.5,-1.0066780340933834
4.0,-3.6390388266840534
4.5,-1.8983594829918213
5.0,-0.7689197149952163
5.5,-1.3082608507554316
6.0,-0.3272108429427155
6.5,-0.3079405842782041
7.0,-0.983662573772245
7.5,-0.6438877158189951