freq, val
0.5,-0.11870574139879914
1.0,-0.8546209600946642
1.5,-1.2318988171751697
2.0,-0.9352996418411131
2.5,-1.071741702856097
3.0,-1.1322314895220893
3.5,-0.7951833694794439
4.0,-0.8737933738370612
4.5,-1.0165658858828532
5.0,-0.32925383566172445
5.5,-0.6566820009791601
6.0,-0.6430206171734171
6.5,-0.3985112693029206
7.0,-1.4804981103138937
7.5,-0.49487479787297384