freq, val
0.5,-0.5511275243458471
1.0,-2.557037889417057
1.5,-6.834677890703624
2.0,-18.09700596986397
2.5,-11.332632312144115
3.0,-4.557188323776106
3.5,-1.5288349233459746
4.0,-0.25768926257419295
4.5,-0.1041321565200519
5.0,-1.2409972703586793
5.5,-4.004214113656989
6.0,-10.140125709204487
6.5,-25.71610256363767
7.0,-7.906969420628322
7.5,-2.451823354793187