freq, val
0.5,-0.9252373473171317
1.0,-0.3721496870803312
1.5,-0.9151644405927524
2.0,-1.6885042653324736
2.5,-0.1817548142143755
3.0,-2.5433594540980127
3.5,-1.3031044183887595
4.0,-3.033787139012014
4.5,-5.533131272020304
5.0,-1.1513941534179857
5.5,-1.7462284542355082
6.0,-0.8304240684537884
6.5,-1.1891739674867696
7.0,-0.9859178318969187
7.5,-2.4566248337664454