freq, val
0.5,-0.13718298654320288
1.0,-1.4065050547502818
1.5,-5.308950071795061
2.0,-9.646494472601473
2.5,-6.050350827540846
3.0,-4.118046537678673
3.5,-1.6327119530400849
4.0,-0.24229305067079973
4.5,-0.07746066893010949
5.0,-1.215119086646159
5.5,-3.9823459477971648
6.0,-10.041710583985214
6.5,-23.432439728895623
7.0,-7.348407734680005
7.5,-2.379823310252456