freq, val
0.5,-0.012077368404248619
1.0,-0.011392088363792668
1.5,-0.05508646600729428
2.0,-0.06995705405717845
2.5,-0.04014522593352082
3.0,-0.04679084448075273
3.5,-0.08252059378047505
4.0,-0.08527467946918907
4.5,-0.059748002604475034
5.0,-0.12731419045511239
5.5,-0.03390928233159527
6.0,-0.030500247517030163
6.5,-0.049366441196789776
7.0,-0.09981949486186215
7.5,-0.029581866047200117