freq, val
0.5,-0.30550135366117603
1.0,-0.6501945357072259
1.5,-0.7136540524874334
2.0,-1.3600643490434992
2.5,-1.7476362360517634
3.0,-1.4181609864917841
3.5,-0.6795105043747196
4.0,-6.408883896439149
4.5,-1.048094260654444
5.0,-0.4208895244996183
5.5,-0.5273116991991311
6.0,-0.6227982212190782
6.5,-2.4395546679356492
7.0,-0.6966497112008219
7.5,-1.313146905203707