freq, val
0.5,-0.529649807869161
1.0,-0.3777269915607892
1.5,-0.7727570437601574
2.0,-1.6873664214682693
2.5,-0.41329175144425606
3.0,-2.6941110416122465
3.5,-1.1682016837274791
4.0,-3.972028032677581
4.5,-3.932584828441541
5.0,-0.7665719114736086
5.5,-1.3055375836982526
6.0,-0.5349206064171895
6.5,-2.4951214000702135
7.0,-0.7050749595597751
7.5,-2.4255814414883643