freq, val
0.5,-0.14803753873552386
1.0,-0.24984136824584
1.5,-0.34254534099389883
2.0,-0.6324912721256617
2.5,-0.6254421881354231
3.0,-0.1589817508547314
3.5,-0.7917703237717671
4.0,-0.27905028940580634
4.5,-0.16305417893974328
5.0,-0.6435345075082579
5.5,-3.4292587708581146
6.0,-8.171564545672426
6.5,-17.085840358735158
7.0,-4.614326533564192
7.5,-1.3052837792434415