freq, val
0.5,-0.5828546701881454
1.0,-2.5941342856976397
1.5,-6.858552384141829
2.0,-19.772962989565144
2.5,-11.64047839049891
3.0,-4.594310885627162
3.5,-1.5265327923019432
4.0,-0.2636627614856118
4.5,-0.10545268425173322
5.0,-1.2418760765159755
5.5,-4.0055634333254275
6.0,-10.144801919412041
6.5,-25.825905387980278
7.0,-7.910047117612678
7.5,-2.4518976132667856