freq,val
-20,-4.370559959327251
-15,-4.195234386307184
-10,-3.954378750171199
-5,-3.5442386021459287
0,-2.939470598136987
5,-2.304155049380486
10,-1.6963364069017584
15,-1.155301980006216
20,-0.7650415487236486