freq, val
0.5,-0.1615676254394677
1.0,-0.8739959509707471
1.5,-1.0020795026009983
2.0,-1.0574578080781878
2.5,-1.7701745145036356
3.0,-1.2250364149261663
3.5,-0.5444673604363325
4.0,-1.4454359487827075
4.5,-0.9949456863647453
5.0,-0.40846360883271704
5.5,-0.5695160411246268
6.0,-0.730050960738129
6.5,-0.41150819918405945
7.0,-1.304297914633132
7.5,-0.8069126045413464