freq,val
-20,-1.0156321631301313
-15,-0.8556535323935097
-10,-0.7709068736222099
-5,-0.8449392274856897
0,-0.8666905846097817
5,-0.9176235768187339
10,-1.1348122839813821
15,-1.3217770199842385
20,-1.4342978986613903