freq, val
0.5,-0.4575306794229706
1.0,-0.15773178949636454
1.5,-0.7408676353921718
2.0,-1.216881845601451
2.5,-0.43366998899918296
3.0,-2.1672235567793576
3.5,-1.1219197698437249
4.0,-3.0452573758823567
4.5,-2.5504634225424616
5.0,-1.2508034418755118
5.5,-1.3500495042859897
6.0,-0.7703735219447649
6.5,-0.32780659649572863
7.0,-0.7373856781756684
7.5,-0.7295905005104347