freq, val
0.5,-0.206250329795324
1.0,-0.610123242709821
1.5,-0.8032811857538659
2.0,-1.1163623211807912
2.5,-1.0790279975718762
3.0,-1.2000472700810463
3.5,-0.17839997052189974
4.0,-3.006592742801668
4.5,-0.9592320072772108
5.0,-0.6282309111431572
5.5,-0.6975843778264852
6.0,-0.3394730071395534
6.5,-0.5333366772866724
7.0,-0.690614003633865
7.5,-0.41402444013265793