freq, val
0.5,-0.5886233833949204
1.0,-2.5822364478562014
1.5,-6.8560743344029955
2.0,-19.276249875321135
2.5,-11.62178185292403
3.0,-4.584382183520811
3.5,-1.5283877610967531
4.0,-0.2643562687844057
4.5,-0.10509542333628426
5.0,-1.2416806509092038
5.5,-4.0052130349391115
6.0,-10.143657798462202
6.5,-25.812386811634347
7.0,-7.910372859605408
7.5,-2.4521171240341175