freq, val
0.5,-0.524739459577502
1.0,-2.592802772428051
1.5,-6.845625691844381
2.0,-19.258922099977134
2.5,-11.593604624316233
3.0,-4.58636411391081
3.5,-1.5216775847012631
4.0,-0.2551512318786074
4.5,-0.10542238134270875
5.0,-1.2417504550823883
5.5,-4.005338532236608
6.0,-10.14412700977382
6.5,-25.79942561854576
7.0,-7.910634862999926
7.5,-2.45168999991124