freq, val
0.5,-0.09700436979709487
1.0,-0.7648597010490099
1.5,-1.3140533281838849
2.0,-1.1514091044165338
2.5,-0.8316684322174474
3.0,-1.1356918234746813
3.5,-0.10343485622211679
4.0,-0.23181433059703102
4.5,-0.8888998350211691
5.0,-0.4394342020092135
5.5,-0.7978245046709331
6.0,-0.0907743740968505
6.5,-0.2430289804270118
7.0,-0.7720362892500559
7.5,-0.15518097801690106