freq, val
0.5,-0.03828417492669016
1.0,-0.03532187216103844
1.5,-0.08199944528577004
2.0,-0.12723719778120776
2.5,-0.10615318882372957
3.0,-0.05228824817834837
3.5,-0.08524798008405042
4.0,-0.13016337663278563
4.5,-0.1267033762961921
5.0,-0.12285723605571987
5.5,-0.10166616173122493
6.0,-0.3696772830674526
6.5,-0.08657296557176267
7.0,-0.20263228475246164
7.5,-0.010707542342114644