freq, val
0.5,-0.09266112404852891
1.0,-1.6589424153564871
1.5,-6.162648221466745
2.0,-15.065528196691972
2.5,-10.546029583382271
3.0,-4.435804765960235
3.5,-1.5044850108870182
4.0,-0.2448740556158892
4.5,-0.10526137981265338
5.0,-1.2408609345859103
5.5,-4.002789539644153
6.0,-10.137701864214163
6.5,-25.432828700231262
7.0,-7.9139158455541905
7.5,-2.4501375855171954