freq, val
0.5,-0.14954351878899053
1.0,-0.3881209004681102
1.5,-0.887012594827085
2.0,-0.9958375855520358
2.5,-0.9371629062211368
3.0,-1.53546586150481
3.5,-0.829568158306887
4.0,-3.795750969365544
4.5,-1.5726973156155812
5.0,-0.6806240326238298
5.5,-1.0957901424718288
6.0,-0.6313294857352715
6.5,-0.5111836583260047
7.0,-0.9097044649653201
7.5,-0.6629446084290425