freq, val
0.5,-0.1531944645715986
1.0,-0.4546637884327132
1.5,-0.6752532288110105
2.0,-1.0350872579426842
2.5,-1.1552688525398966
3.0,-1.2799414531671869
3.5,-0.6016896321963976
4.0,-3.5629012841060352
4.5,-1.2327720545476961
5.0,-0.44126640057665784
5.5,-0.22475238530592706
6.0,-0.32774354182799814
6.5,-0.5492615101897412
7.0,-0.7031942972732892
7.5,-0.5724471137799058