freq, val
0.5,-0.08501308510448319
1.0,-0.33411120866624616
1.5,-0.23590056745407123
2.0,-0.5034417594847247
2.5,-0.40829910506686884
3.0,-0.4607497609691016
3.5,-0.02976984427133152
4.0,-0.37605672264227974
4.5,-0.21489030191264344
5.0,-0.8404038232658166
5.5,-1.5430477814971795
6.0,-2.414272536307556
6.5,-0.1439556971156469
7.0,-0.846910985059508
7.5,-0.6215981451711692