freq,val
-20,-0.6371507671180598
-15,-0.7199844418063117
-10,-0.7749910522688451
-5,-0.875452153932898
0,-0.9154459143355098
5,-1.1023709060294633
10,-1.1136219399857334
15,-1.1857160448446549
20,-1.3373853770964477