freq, val
0.5,-0.17643592388802795
1.0,-0.7106234285315188
1.5,-1.1093024723754534
2.0,-1.2036416332597226
2.5,-1.0888360545499
3.0,-1.245256101621364
3.5,-0.20230667464879526
4.0,-0.9012423548786945
4.5,-0.9386751908109545
5.0,-0.5174862751101854
5.5,-0.7739646061896868
6.0,-0.23533031512151847
6.5,-0.1923031726649271
7.0,-0.743025390100413
7.5,-0.21778851542523142