freq, val
0.5,-0.15840600918606076
1.0,-0.6008692400596897
1.5,-3.1578910894948935
2.0,-5.384128411065578
2.5,-6.255752301894732
3.0,-3.4853118282553526
3.5,-1.5844350459205727
4.0,-0.35422436572124877
4.5,-0.10529450091337236
5.0,-1.2386188068818411
5.5,-3.997188465612913
6.0,-10.108007106410744
6.5,-23.89545382384522
7.0,-7.916714549070925
7.5,-2.444835276894592