freq,val
-20,-3.5481213782894727
-15,-3.2568341332698973
-10,-2.8900880097826698
-5,-2.4822473208167133
0,-2.0906907869055287
5,-1.7709765935336543
10,-1.4082321026255864
15,-0.8417006472150868
20,-0.37430351120506566