freq, val
0.5,-0.010778166638796986
1.0,-0.014031429754955551
1.5,-0.06113979418655175
2.0,-0.044265744949282614
2.5,-0.02945649161247238
3.0,-0.04220576024381892
3.5,-0.0896114567663822
4.0,-0.10489790554554912
4.5,-0.08224462402213738
5.0,-0.12768319782596457
5.5,-0.016672513919861257
6.0,-0.04135652268955367
6.5,-0.04355988211622364
7.0,-0.10346776040564706
7.5,-0.02822503602173035