freq, val
0.5,-0.3429695596932009
1.0,-0.34536186587101475
1.5,-0.08716355904226497
2.0,-0.3340898443581516
2.5,-0.10538397231652596
3.0,-0.35265012145435215
3.5,-0.050978944537108724
4.0,-0.365555190059785
4.5,-0.2326355370748297
5.0,-0.41720477024087266
5.5,-2.4298107472371053
6.0,-5.66599915592901
6.5,-7.922164036389127
7.0,-4.071184933446856
7.5,-0.9824184763040023