freq, val
0.5,-0.5660375134559371
1.0,-2.599584034683514
1.5,-6.856915025556604
2.0,-19.604611293052574
2.5,-11.62860176909925
3.0,-4.591944528664349
3.5,-1.5247679101304854
4.0,-0.26059404191787755
4.5,-0.10544157811043411
5.0,-1.241831072785834
5.5,-4.005492793170363
6.0,-10.14456918214561
6.5,-25.817335003807095
7.0,-7.910261698892889
7.5,-2.451823539616998