freq,val
-20,-4.582477088596761
-15,-4.55201515722622
-10,-4.483497240149345
-5,-4.3420772466299375
0,-4.084693655968945
5,-3.616595273281656
10,-2.839226276009412
15,-1.9470427432065662
20,-1.361719593934855