freq, val
0.5,-0.33749140861522353
1.0,-0.4114548241381763
1.5,-0.7384541612934831
2.0,-1.579474685011959
2.5,-0.8245442102288747
3.0,-2.3103854715989964
3.5,-1.0275082941405473
4.0,-5.639349765042661
4.5,-2.2510809601943356
5.0,-0.7063099805607153
5.5,-0.9799494644004659
6.0,-0.4505772438920673
6.5,-3.404824132263956
7.0,-0.7300169211759989
7.5,-2.2051119425757655