freq, val
0.5,-0.25132259256311634
1.0,-1.8686986686277687
1.5,-6.141785423265391
2.0,-12.333462126409483
2.5,-8.150729049674625
3.0,-4.351862808444378
3.5,-1.5704758276373045
4.0,-0.22843956600855791
4.5,-0.09279604469681846
5.0,-1.2315260179696328
5.5,-3.9947040427330434
6.0,-10.10086056320356
6.5,-24.42479331895281
7.0,-7.719109103450994
7.5,-2.4298991656419693