freq, val
0.5,11.907666379400183
1.0,10.973610948422863
1.5,13.495447604124134
2.0,15.027618295572577
2.5,13.183815485077666
3.0,8.96865368131331
3.5,11.091270215374404
4.0,12.008722137602142
4.5,10.84466379813734
5.0,14.222378588537616
5.5,14.188543943547355
6.0,14.658425424931982
6.5,16.26397939331097
7.0,13.007504795858322
7.5,12.533167060371525