freq, val
0.5,13.11303710079461
1.0,10.095140436564698
1.5,12.734295035028683
2.0,14.496355938617087
2.5,13.009545111219609
3.0,12.199260055008136
3.5,13.137869614443659
4.0,14.296459318080515
4.5,12.145101586056397
5.0,17.04004857171825
5.5,17.245850249430553
6.0,16.811953386236304
6.5,19.96633905953484
7.0,18.061856174902168
7.5,18.498205475237505