freq, val
0.5,-2.8139826523272102
1.0,-1.5677156592565467
1.5,-1.9663794795855052
2.0,-0.4571672664603335
2.5,-0.3112650463061347
3.0,3.0788002919066955
3.5,1.3128075747833277
4.0,2.0373888024764226
4.5,0.9675517125552688
5.0,0.831455517556138
5.5,2.3588721393943963
6.0,2.3566165553900116
6.5,1.2279265269306503
7.0,1.467869700240294
7.5,0.3019483857635086