freq, val
0.5,39.310876335630255
1.0,45.84142987628678
1.5,53.389087729042075
2.0,56.22586309912067
2.5,58.84178524818501
3.0,59.6259218240095
3.5,69.26479769636418
4.0,74.76837262479252
4.5,72.82271085573956
5.0,69.89006698102256
5.5,69.23219089842875
6.0,73.23123278728337
6.5,71.33591776054769
7.0,72.81135905270011
7.5,67.67899472766305