freq, val
0.5,-6.225258453661811
1.0,-3.828053151184361
1.5,-3.2314337802648745
2.0,-4.1451269985538195
2.5,-3.1208380839854333
3.0,1.7964044812355386
3.5,-1.5697353343043763
4.0,-1.5048498198998497
4.5,-4.0937171299661355
5.0,-2.231109102495998
5.5,-2.8160476481349646
6.0,-4.473760989837632
6.5,-6.054165157433236
7.0,-3.546269490081833
7.5,-4.157481003856898