freq,val
-20,23.551821163846345
-15,18.76377234605734
-10,13.817497800675413
-5,8.98368584068914
0,4.201475996377338
5,-0.6807235608499622
10,-5.459379742517391
15,-9.826555848497915
20,-13.572500684699325