freq, val
0.5,13.523037135952729
1.0,10.155093599047078
1.5,12.161135335401374
2.0,13.715201489040831
2.5,12.580753391821993
3.0,12.839838438063946
3.5,13.960741235441134
4.0,15.294352014143563
4.5,12.597399547424526
5.0,17.82375065089964
5.5,18.499468006337544
6.0,17.084010430577987
6.5,21.11706515881671
7.0,19.177835345511802
7.5,20.033667248222855