freq, val
0.5,7.498924715397667
1.0,7.944673861820609
1.5,9.96309386773717
2.0,9.343646317564216
2.5,8.937501021388382
3.0,7.138440129186221
3.5,7.316006764641882
4.0,5.30431708661109
4.5,3.149223129224179
5.0,5.143632373916852
5.5,2.6178052828855867
6.0,3.1951073965279733
6.5,4.756953537293295
7.0,3.6759724937088727
7.5,5.052832476223027