freq, val
0.5,29.238421705071453
1.0,30.176216133770076
1.5,36.550134777061615
2.0,37.272342532956124
2.5,38.47976535517263
3.0,42.550763172773934
3.5,40.91056475028094
4.0,39.74595250847342
4.5,40.87554760542879
5.0,42.36594981811536
5.5,43.64977675421336
6.0,42.73666841543293
6.5,41.93516877348283
7.0,42.57619937978206
7.5,38.68606163405445