freq, val
0.5,12.69773730695999
1.0,13.121210734746098
1.5,15.184750830262779
2.0,16.120739448141272
2.5,11.917233301009764
3.0,5.524883965011437
3.5,12.953108833158511
4.0,9.40077049056221
4.5,1.574789276182059
5.0,4.982420919092752
5.5,5.320487981358469
6.0,-0.7976372146839648
6.5,0.15882898671215162
7.0,-1.116726615121549
7.5,2.3820126506377877