freq, val
0.5,16.015408276393327
1.0,21.105796547973
1.5,28.379531171491713
2.0,31.11894650653206
2.5,33.89719428151052
3.0,34.75160146407381
3.5,44.90603551516088
4.0,51.48608444194881
4.5,48.852721586959774
5.0,45.66458465802684
5.5,44.41585144738505
6.0,48.376815531656874
6.5,46.52726838010893
7.0,48.40215845883882
7.5,48.747307547623926