freq, val
0.5,11.215451351290273
1.0,11.402967846546364
1.5,16.705763904297335
2.0,17.445709542597477
2.5,18.215735473468126
3.0,22.49502264989399
3.5,20.92675933309447
4.0,19.842507511610165
4.5,20.886674515130714
5.0,22.31776517467551
5.5,23.696161559715133
6.0,22.941754936603974
6.5,22.114315781524148
7.0,23.617767856120473
7.5,19.716896374671023