freq, val
0.5,-6.409084983015961
1.0,-3.958762655081291
1.5,-3.9269093409940763
2.0,-4.915652182459143
2.5,-3.204993420004082
3.0,1.295326303369225
3.5,-1.5688828050446366
4.0,-1.5228206621398879
4.5,-4.14136272778281
5.0,-2.422889273054523
5.5,-2.5880955151839027
6.0,-4.470145858146889
6.5,-6.150349614342886
7.0,-3.4577987105224484
7.5,-4.455370420863954