freq, val
0.5,-5.967398611876852
1.0,-3.497453060618689
1.5,-2.8302833981820386
2.0,-3.9901962265186786
2.5,-3.1075630502010276
3.0,1.783157847489139
3.5,-1.1430425337090513
4.0,-1.448608524235873
4.5,-4.157978507775455
5.0,-2.5145516924575277
5.5,-2.9783867397145865
6.0,-4.385805892619765
6.5,-5.702718218642683
7.0,-3.65049574436777
7.5,-3.796983974390166