freq, val
0.5,43.84926110346722
1.0,50.82235571930745
1.5,58.25499723191234
2.0,61.09423667251426
2.5,63.80971757337265
3.0,64.51268228749146
3.5,73.32272035814589
4.0,77.62268837741765
4.5,76.55488860610593
5.0,74.12656579394809
5.5,73.95916760795893
6.0,77.89137501066077
6.5,75.82435142168035
7.0,76.74239900251662
7.5,70.69349958146941