freq,val
-20,60.29695109761086
-15,56.920077290809026
-10,53.06329961214516
-5,48.70204525072067
0,44.017576392634254
5,39.219974431207866
10,34.45646494365866
15,29.928261599628705
20,25.977889980838956