freq, val
0.5,7.223320153805512
1.0,6.669851765723137
1.5,8.449498668441978
2.0,7.25348498974269
2.5,7.578683769618889
3.0,7.331580839305925
3.5,6.768857976774467
4.0,5.224604457969148
4.5,4.848842324432711
5.0,5.8362240322551
5.5,4.405874021988611
6.0,4.0260205641030264
6.5,5.4084878965797945
7.0,4.286028365119959
7.5,5.040832040013196