freq, val
0.5,19.764313847798554
1.0,20.347720317551122
1.5,26.496229566622187
2.0,27.177100819865984
2.5,28.35113586649367
3.0,32.510260809519
3.5,30.908083829961107
4.0,29.780978333175145
4.5,30.87562273110606
5.0,32.31584469964972
5.5,33.689932931461556
6.0,32.87458680448151
6.5,32.257382778229164
7.0,33.507615005498856
7.5,29.33277184608514