freq, val
0.5,15.356934624428025
1.0,15.714124387054927
1.5,21.509461769221137
2.0,22.212385424510703
2.5,23.255170697661583
3.0,27.49277432527762
3.5,25.90765505724108
4.0,24.78458565761713
4.5,25.866356564090587
5.0,27.29745736234856
5.5,28.686212494138946
6.0,27.89743848253687
6.5,27.26793709668335
7.0,28.596582399544857
7.5,24.554283067649976