freq, val
0.5,7.921037472142278
1.0,11.172357425350334
1.5,12.073618166775205
2.0,12.854272043939465
2.5,10.592035718098787
3.0,12.7452866648527
3.5,8.22856991774387
4.0,7.060099890627436
4.5,4.460850186836412
5.0,6.162064062048894
5.5,8.717626947961701
6.0,6.265801144171421
6.5,6.096385934116375
7.0,5.160858991571974
7.5,4.910482781322731