freq, val
0.5,13.989748491369241
1.0,9.775870221943348
1.5,16.86800489942836
2.0,17.076420460363373
2.5,17.68718891293753
3.0,8.724635464542278
3.5,12.166584240615148
4.0,9.063735531541814
4.5,7.6642705617131215
5.0,8.449541507580811
5.5,7.8587105804481165
6.0,2.752753705140738
6.5,6.570221194345881
7.0,5.0962981078569
7.5,8.081915371986861