freq, val
0.5,12.550462647999165
1.0,10.357427695450278
1.5,13.543087549654686
2.0,14.956221471826208
2.5,13.307536463396808
3.0,10.406322937327774
3.5,12.04385504061872
4.0,13.057848998437581
4.5,11.534288363851505
5.0,15.851434222292246
5.5,15.81261755091871
6.0,16.026545624197556
6.5,18.384354765706384
7.0,15.88409202479846
7.5,15.632184816277