freq, val
0.5,-5.46668869842755
1.0,-3.661763210840116
1.5,-3.0232893766243816
2.0,-3.872221192429956
2.5,-2.9356209711425585
3.0,1.0352068716705596
3.5,-0.7616164630432087
4.0,-1.7348625997581606
4.5,-3.8787617518305524
5.0,-3.783467760587432
5.5,-2.9907365672261665
6.0,-4.3225552676014924
6.5,-5.5846206848812185
7.0,-4.384917351839195
7.5,-2.7359101032162485