freq, val
0.5,24.975733108718604
1.0,30.788832397930403
1.5,38.462796606992654
2.0,41.23304814342185
2.5,43.882456141140906
3.0,44.7076287707321
3.5,54.88252657129351
4.0,61.427054526436194
4.5,58.83401346886308
5.0,55.64507193092388
5.5,54.40069128168899
6.0,58.381082860001925
6.5,56.62105898319635
7.0,58.42332881258781
7.5,57.079039347090045