freq, val
0.5,48.216018044461876
1.0,55.739772462856514
1.5,62.910916166795595
2.0,65.73959478861386
2.5,68.52932569446699
3.0,69.24947244456618
3.5,76.6171151980892
4.0,79.4621162536493
4.5,79.81293980310716
5.0,78.25353615782687
5.5,78.3196862296692
6.0,81.8090591272717
6.5,79.62097588995931
7.0,79.63184515348382
7.5,72.90452647427298