freq, val
0.5,24.410354806148185
1.0,25.174583204148263
1.5,31.528901895401024
2.0,32.2220199516502
2.5,33.43322699007875
3.0,37.53068290524888
3.5,35.909671935106005
4.0,34.7705385532733
4.5,35.881815005473655
5.0,37.345254356780835
5.5,38.68525245688153
6.0,37.83328158802259
6.5,37.11148446283441
7.0,38.23251278227377
7.5,34.0247181754624