freq,val
-20,36.38519456443256
-15,31.38663462022403
-10,26.37148731485917
-5,21.385200585512504
0,16.504726603013047
5,11.907054271351974
10,7.787048921044572
15,4.445802956993235
20,2.0657904835471235