freq, val
0.5,29.833383733079273
1.0,35.788597368316594
1.5,43.46134690099615
2.0,46.26409566340067
2.5,48.87382515818228
3.0,49.69428255116714
3.5,59.827805456590184
4.0,66.27443187373304
4.5,63.75518999338433
5.0,60.575760419564034
5.5,59.384235521141505
6.0,63.37535018974931
6.5,61.60726835524986
7.0,63.38633780127089
7.5,60.78796738175197