freq, val
0.5,9.999645981966012
1.0,13.79257386228571
1.5,12.259081148845823
2.0,13.389611708773474
2.5,8.151380258522408
3.0,2.194210876818235
3.5,11.883255441948302
4.0,6.127147583454365
4.5,-2.444834476900625
5.0,1.122635296207556
5.5,2.631475977332778
6.0,-2.368881095520174
6.5,-4.536750611367627
7.0,-4.163644336298319
7.5,-4.0773475745402505