freq,val
-20,15.502879420767927
-15,14.98130571514846
-10,14.05698696605385
-5,12.890557240870155
0,10.855568862469807
5,8.574070676040922
10,6.843607071405323
15,5.937776550862045
20,5.265355949476398