freq, val
0.5,3.720972504176274
1.0,4.7708075747597265
1.5,7.695778851463311
2.0,8.813489570621618
2.5,9.195233881931676
3.0,12.963314565319832
3.5,11.473266157690826
4.0,10.668279145457507
4.5,11.479879537506248
5.0,12.738903136435926
5.5,13.928847519794576
6.0,13.436789536205353
6.5,12.140900315498122
7.0,13.809652671990484
7.5,10.219763675336878