freq,val
-20,35.80404444836448
-15,30.838081033131857
-10,25.94184135662936
-5,21.164539095742946
0,16.562634490137828
5,12.210356461692262
10,8.188429997670216
15,4.590388146967387
20,1.5757587368129067