freq, val
0.5,6.524196931639995
1.0,5.703526942927328
1.5,7.557865619009821
2.0,6.35055899125616
2.5,6.618971513518444
3.0,7.271313235540184
3.5,5.963851198128976
4.0,3.223174354198655
4.5,4.677987822098373
5.0,5.795797014844646
5.5,3.204164451971158
6.0,3.5607335983153043
6.5,4.897358559631419
7.0,4.4373729591665105
7.5,4.452307032062594