freq,val
-20,15.249928396839438
-15,13.844099701893578
-10,11.917152647700757
-5,9.610209466648001
0,7.439300274142223
5,5.444410329925891
10,3.9479814192057545
15,2.9867961070320215
20,2.436872576681056