freq, val
0.5,20.255762981385566
1.0,25.85560945736517
1.5,33.44197475827088
2.0,36.175811658401486
2.5,38.887941959159704
3.0,39.72270463449262
3.5,49.90099708421744
4.0,56.47722629977174
4.5,53.852687187157144
5.0,50.6637569527886
5.5,49.40945579243732
6.0,53.380219363575925
6.5,51.59443942080326
7.0,53.420764754822144
7.5,53.05026828844878