freq, val
0.5,14.261435738450183
1.0,9.893720976852013
1.5,15.592432875147718
2.0,17.14855523097186
2.5,18.606185483592995
3.0,9.661945650065743
3.5,12.737899747524452
4.0,9.734611830383708
4.5,8.927334965357016
5.0,11.683689478924766
5.5,8.689992884610525
6.0,4.785858457219342
6.5,9.706217168051317
7.0,8.780762118444429
7.5,11.010075623831892