freq, val
0.5,4.511052951688525
1.0,9.19320951473946
1.5,9.023128141815057
2.0,9.725534209922168
2.5,5.341890385597353
3.0,-0.25007055164701814
3.5,6.84901135829152
4.0,0.329191196341816
4.5,-5.622074684609251
5.0,-0.8370446707514438
5.5,0.35914311753266026
6.0,-2.710435384355806
6.5,-8.515696250485597
7.0,-5.939707609174938
7.5,-8.68174549127715