freq, val
0.5,8.18003628787667
1.0,7.93597631810325
1.5,9.624251502961895
2.0,9.016683764553303
2.5,8.567946979073554
3.0,7.25587716440582
3.5,7.942730351926805
4.0,7.300963437843419
4.5,5.261209530931158
5.0,6.4809817710961015
5.5,5.847865737561012
6.0,4.394294793304766
6.5,6.11870142017171
7.0,4.1035848578674585
7.5,5.959431369874281