freq, val
0.5,11.636929923032927
1.0,14.837641067474692
1.5,13.846621958477412
2.0,14.846132456455859
2.5,10.143350784661978
3.0,3.68177660344386
3.5,12.925637909550412
4.0,8.485525315944408
4.5,-0.6458122866875056
5.0,3.1867925077983044
5.5,3.938347371149084
6.0,-1.9298162034185364
6.5,-2.3802936784538806
7.0,-3.1267934636673704
7.5,-1.2294797374265323