freq, val
0.5,7.618141853494228
1.0,11.87246109883066
1.5,10.887744844921789
2.0,11.811866454365052
2.5,6.594596811829545
3.0,0.9948008769139285
3.5,9.702428618069405
4.0,3.338149784360666
4.5,-3.423446196555683
5.0,-0.5008442680429577
5.5,1.666955515058759
6.0,-2.504661022409942
6.5,-6.677064558885229
7.0,-4.245134519447121
7.5,-6.184441299444075