freq,val
-20,60.15154559282402
-15,56.98166113736876
-10,53.16165805980664
-5,48.75476667303508
0,44.01408317862209
5,39.169802113755956
10,34.41268974323076
15,30.031285171241056
20,26.411399882755543