freq, val
0.5,12.78049701711497
1.0,16.727806161025264
1.5,23.233658674073272
2.0,26.137097684903328
2.5,28.957653536301095
3.0,29.822235050748652
3.5,39.90786653462868
4.0,46.47033177122281
4.5,43.846178598113156
5.0,40.656424475659776
5.5,39.41745206488046
6.0,43.36774759759845
6.5,41.423635068681094
7.0,43.3794360581708
7.5,44.25298050986293