freq, val
0.5,34.18947948474245
1.0,35.253303405681805
1.5,41.557672830665354
2.0,42.33411285011236
2.5,43.495933765621984
3.0,47.565545082505764
3.5,45.90783836919694
4.0,44.722770724995904
4.5,45.85248745901456
5.0,47.34396025887697
5.5,48.54663382374298
6.0,47.55765607828519
6.5,46.71652795450153
7.0,46.532479195947985
7.5,43.26723025106468