freq, val
0.5,7.294927967482177
1.0,7.859280345830698
1.5,12.13607821461048
2.0,12.932160635629659
2.5,13.430314462610776
3.0,17.592197906192514
3.5,16.066010538981605
4.0,15.078208690158721
4.5,16.027669397498908
5.0,17.436238304598206
5.5,18.756738637471877
6.0,18.072238897516897
6.5,16.958367427630996
7.0,18.647646994022526
7.5,14.866755459900007