freq, val
0.5,11.058808124832844
1.0,10.568487468346126
1.5,12.532745491533506
2.0,13.863230518004379
2.5,11.861042084357216
3.0,7.797745235038911
3.5,10.202178485661353
4.0,10.583924016183044
4.5,9.664581587979045
5.0,11.402786903570235
5.5,12.207211969645627
6.0,11.662850838753126
6.5,12.3953412681786
7.0,7.495302874360616
7.5,9.74053533296551