freq, val
0.5,9.717319875514693
1.0,9.28320662967748
1.5,11.304919940421964
2.0,11.750080307370656
2.5,10.282602543842687
3.0,7.43015184688662
3.5,9.397181548337937
4.0,9.006898247252193
4.5,7.053210173329225
5.0,7.4726206897438505
5.5,8.924341532206263
6.0,6.471230786872262
6.5,8.763778372739269
7.0,5.301349379965772
7.5,7.595417465926727