freq, val
0.5,-4.179394796235646
1.0,-3.2411114851567273
1.5,-3.758511785646986
2.0,-2.7813321468587993
2.5,-2.879785339714622
3.0,0.5510182805635098
3.5,-1.287095694538645
4.0,-1.2446704129355728
4.5,-2.1473386763537086
5.0,-3.4386278423147054
5.5,-1.6659980085680233
6.0,-1.918806154210573
6.5,-3.0415797795522255
7.0,-3.861645615425336
7.5,-2.117913150179362