freq, val
0.5,13.417131568512659
1.0,10.884469217470006
1.5,15.880013753884725
2.0,16.902721881350537
2.5,14.102401850018516
3.0,7.35394398867824
3.5,12.290812539793459
4.0,9.030995400840752
4.5,4.388693803228102
5.0,6.4816914203873734
5.5,6.354960248036548
6.0,0.8161956319404209
6.5,3.2697257653442877
7.0,1.491213213186347
7.5,5.161356965262483