freq, val
0.5,-6.389114767223792
1.0,-3.9808539820589233
1.5,-3.7375686757272937
2.0,-4.720884377169395
2.5,-3.1640573916574573
3.0,1.4906260436743681
3.5,-1.594680337745534
4.0,-1.5144825845053955
4.5,-4.106179949190375
5.0,-2.37274142856301
5.5,-2.6473082445727076
6.0,-4.47424036244989
6.5,-6.135490413870354
7.0,-3.4761035456762506
7.5,-4.422196986518433