freq, val
0.5,1.1450486261989803
1.0,6.294902459220641
1.5,7.301907958524656
2.0,7.292555886766825
2.5,3.9404495766902077
3.0,-1.1464417977143015
3.5,3.843413883042483
4.0,-2.700499127826016
4.5,-7.605826741667714
5.0,-1.5634993112978943
5.5,-1.4209579129766174
6.0,-3.0866529951248047
6.5,-9.818826854996024
7.0,-8.04721601742006
7.5,-11.028866042329124