freq, val
0.5,0.7499944344981959
1.0,1.7740948544699855
1.5,3.6091335966207234
2.0,5.198348835320505
2.5,5.547177518287122
3.0,8.925789602022723
3.5,7.313089464094239
4.0,6.915498633765161
4.5,7.413064022464363
5.0,8.293158651679512
5.5,9.354094474424652
6.0,9.233916457630633
6.5,7.964534187240826
7.0,9.270031458088956
7.5,6.09554484066598