freq,val
-20,21.511879396152626
-15,16.13969700514388
-10,11.257717165208769
-5,6.3072186681870885
0,1.5085372087402367
5,-3.094577624440398
10,-7.164434014260614
15,-10.659478471365658
20,-13.267227707485393