freq, val
0.5,34.63516078305429
1.0,40.819426369799714
1.5,48.44151297218015
2.0,51.26560499086452
2.5,53.86020687182547
3.0,54.672907301973545
3.5,64.67369442281799
4.0,70.84604141667533
4.5,68.49759478561579
5.0,65.3704051415676
5.5,64.34287438807262
6.0,68.3436977794388
6.5,66.53514218674624
7.0,68.24122103039166
7.5,64.29740962861