freq, val
0.5,6.497797949476886
1.0,5.984832300147499
1.5,8.058804651904977
2.0,6.299590165324538
2.5,7.103758063505948
3.0,8.346443666256665
3.5,6.141627269406442
4.0,3.659077751553272
4.5,4.423285205413096
5.0,6.890179760913967
5.5,2.0247667016523136
6.0,3.540446584926883
6.5,4.2294930011616945
7.0,4.364439795381546
7.5,3.976351684032875