freq, val
0.5,9.68803506328237
1.0,8.213101614373713
1.5,11.556240481352539
2.0,12.443597315021904
2.5,10.943918055448624
3.0,7.468964752936688
3.5,8.295814643723565
4.0,6.429472077972312
4.5,4.909207894492895
5.0,5.9211212414190415
5.5,3.6931842410730638
6.0,4.061967709472103
6.5,5.478237211449974
7.0,4.898096244468222
7.5,6.90503108699282