freq, val
0.5,11.05215847904353
1.0,8.003377061545095
1.5,12.216126138130466
2.0,13.437636685151443
2.5,11.979783299544685
3.0,8.090830160689205
3.5,9.170200391835294
4.0,6.627701768784592
4.5,6.15927808664291
5.0,6.625524653517338
5.5,4.348591243286927
6.0,4.319955454016698
6.5,5.930985705472044
7.0,5.594252171532183
7.5,7.84058982034812