freq, val
0.5,13.259443576921539
1.0,9.089621653618153
1.5,13.675812366511988
2.0,14.183996206192635
2.5,15.592421005157163
3.0,9.60625627763377
3.5,11.525621080028346
4.0,8.85715761606882
4.5,8.771119038836007
5.0,10.154695814034786
5.5,7.526073669458945
6.0,5.471679909200089
6.5,9.014569736622306
7.0,9.26631776269159
7.5,10.655823959391903