freq, val
0.5,6.819193768311079
1.0,7.351622444483138
1.5,9.307902194964493
2.0,7.833147273005623
2.5,8.192731010221705
3.0,7.387562292523313
3.5,6.770648824485871
4.0,4.646233485652601
4.5,3.103285948194131
5.0,5.245027454057571
5.5,2.2801985627350634
6.0,3.149592996420279
6.5,4.444532357515437
7.0,3.5452312214599924
7.5,4.532159362796276