freq, val
0.5,8.443945280285767
1.0,8.21265275501693
1.5,10.750059792262029
2.0,10.959570073320286
2.5,9.915371041531623
3.0,7.1390108185896715
3.5,7.789330296449956
4.0,5.91970099554924
4.5,3.7906320848390718
5.0,5.394611481085533
5.5,3.0373150214901794
6.0,3.5427381139112484
6.5,5.325298105437668
7.0,4.333873286439321
7.5,5.838387903066585