freq, val
0.5,12.32797023466012
1.0,8.272193580339048
1.5,12.972282169436813
2.0,13.8697966832054
2.5,13.796824565584263
3.0,8.721493998824618
3.5,10.304443817247101
4.0,7.252955365843217
4.5,7.558867421275394
5.0,7.874488280173125
5.5,5.7868872755220755
6.0,4.761017491906499
6.5,7.116006534497441
7.0,7.185895404356368
7.5,9.1416003238881