freq,val
-20,10.70536708924764
-15,9.637490098910217
-10,8.869337917151444
-5,8.286867515284117
0,7.56747452045444
5,6.863526098088871
10,6.312349612012511
15,5.98280114032546
20,5.917253536914985