freq, val
0.5,6.415393352705622
1.0,6.653983956705339
1.5,8.626816882154571
2.0,6.805358579997993
2.5,7.593008159753973
3.0,7.837019134035771
3.5,6.319685659912587
4.0,4.0344542045413965
4.5,3.6879767032186095
5.0,5.898125032982381
5.5,2.041728507430615
6.0,3.281111488075089
6.5,4.173881261330019
7.0,3.9353080380658474
7.5,4.209720973190926