freq, val
0.5,5.780347974425782
1.0,6.726727567377866
1.5,8.149987110892408
2.0,6.501434470594893
2.5,7.241858087631207
3.0,9.869082890947672
3.5,6.519621094557248
4.0,4.57750796297491
4.5,5.4691541640707815
5.0,6.450483739665499
5.5,3.443148981845922
6.0,5.040382877932492
6.5,6.006733545381867
7.0,6.881504289210689
7.5,5.178325424007984