freq, val
0.5,3.886153421700724
1.0,4.962715433732327
1.5,7.681532706218514
2.0,8.873309100502617
2.5,7.225868710151041
3.0,6.258678633909776
3.5,5.597886248991529
4.0,4.717423955905535
4.5,6.825608140273087
5.0,3.892177118280352
5.5,3.491144301727251
6.0,4.0739301335336915
6.5,1.716769418443669
7.0,6.860478015766484
7.5,2.8260773651087185