freq,val
-20,5.619131976087367
-15,5.830568932869523
-10,5.882297008232392
-5,6.041524839090111
0,6.236345473336522
5,6.281674500560269
10,6.289990741904825
15,6.374424246612395
20,6.460112656551569