freq, val
0.5,4.095074030644802
1.0,4.861734135718299
1.5,7.592765202285209
2.0,9.4597848741056
2.5,7.454900316935048
3.0,8.396896433201102
3.5,6.736740804403917
4.0,4.290256814838564
4.5,6.160716649762524
5.0,3.938024404774571
5.5,4.507876077725612
6.0,4.6082492566891995
6.5,4.168635586472599
7.0,6.58467416087595
7.5,3.905790048312419