freq, val
0.5,5.539041078878153
1.0,7.196673940310231
1.5,8.026678317193932
2.0,6.359228901288711
2.5,7.448186791966085
3.0,9.903809170042221
3.5,6.435651040301988
4.0,4.924572121157123
4.5,4.832559391672374
5.0,5.45560496508164
5.5,3.1509484003632893
6.0,5.122674190023063
6.5,6.010789777687132
7.0,6.648401035722859
7.5,5.048512385779132