freq, val
0.5,3.7573872959610326
1.0,4.605184628128216
1.5,7.551950139822122
2.0,9.228389257952072
2.5,7.275965060702397
3.0,7.5788936642414715
3.5,6.536923336316184
4.0,4.214992224398985
4.5,6.802622698057564
5.0,3.7789603120533375
5.5,4.274710362198442
6.0,4.790415190733256
6.5,3.6168752971748863
7.0,6.74800635788957
7.5,3.6216417270338996