freq, val
0.5,3.538414390976685
1.0,4.786770922486193
1.5,7.542310883364953
2.0,9.847249313403788
2.5,7.237819027745976
3.0,6.837655776005372
3.5,6.124964422492001
4.0,4.381688884799375
4.5,6.913749611969996
5.0,3.7628411412899627
5.5,3.8199090188415625
6.0,4.634509995006778
6.5,2.381758732749348
7.0,6.834330547059594
7.5,3.264381420797759