freq, val
0.5,4.528614576559258
1.0,6.311221188062995
1.5,7.572819500815927
2.0,8.861995801186767
2.5,7.581404852472584
3.0,9.320874959540916
3.5,6.754266289411276
4.0,4.619615016419996
4.5,5.5255458907561845
5.0,4.226639492336239
5.5,4.3072367190393965
6.0,4.5310185255131525
6.5,5.020247256686332
7.0,6.788699010825033
7.5,4.137984619690799