freq, val
0.5,5.460926920553311
1.0,6.99010514802866
1.5,7.815016580825955
2.0,6.855312876926111
2.5,7.456930433004439
3.0,9.804894044981614
3.5,6.480992844866923
4.0,5.185272591286374
4.5,4.62684267645241
5.0,4.83025906696983
5.5,3.256448847485305
6.0,4.839279502446977
6.5,5.8507087981634145
7.0,6.625597904504242
7.5,4.7823118648463305