freq, val
0.5,4.997082701887941
1.0,6.303266743241053
1.5,7.524904624826685
2.0,8.277969811213685
2.5,7.535270445706405
3.0,9.78988019443272
3.5,6.657902754066519
4.0,5.040846375347589
4.5,5.100377508281161
5.0,4.5290304710705165
5.5,3.839270108089292
6.0,4.465214421221007
6.5,5.826344521811942
7.0,6.661785424419615
7.5,4.399448640222332