freq, val
0.5,0.035687460505918416
1.0,0.10150628763775975
1.5,0.19714512881676835
2.0,0.3077454119126698
2.5,0.28206901530838197
3.0,0.44065200631093787
3.5,0.15335787981382065
4.0,2.81640273061012
4.5,0.4983618970916649
5.0,0.09421977479419717
5.5,0.28404696084321973
6.0,0.1035650338368032
6.5,0.09622103084818649
7.0,0.26665684404492235
7.5,0.08232873747833233