freq, val
0.5,0.30042447803162475
1.0,0.2267429096477124
1.5,0.13283297390625448
2.0,0.19146443939639168
2.5,0.082242610465146
3.0,0.1858570676932458
3.5,0.19949403884733083
4.0,4.543850822225379
4.5,0.33522015021107804
5.0,0.1754681756576254
5.5,0.18189710191655073
6.0,0.019669047139758367
6.5,0.264605775205619
7.0,0.761091684287497
7.5,0.12331169891506363