freq, val
0.5,0.05531278160143526
1.0,0.10150628763775975
1.5,0.2793456535037669
2.0,0.3077454119126698
2.5,0.28206901530838197
3.0,0.6509343830663977
3.5,0.26092645138126686
4.0,4.81223430413048
4.5,0.7615494032409975
5.0,0.5193923056391518
5.5,0.4667484353863545
6.0,0.21726505180850425
6.5,1.2851496505458322
7.0,0.26665684404492235
7.5,0.374924637836796