freq, val
0.5,8.973738107584209
1.0,7.069256678175594
1.5,9.506419173792732
2.0,9.655919150769009
2.5,9.476731003485114
3.0,10.941596367431867
3.5,10.439160519272487
4.0,12.95050195211481
4.5,9.746996657985495
5.0,11.989907421410681
5.5,13.368430892785872
6.0,12.922611038434741
6.5,15.076236208337408
7.0,11.530727611205434
7.5,12.904787064782292