freq, val
0.5,10.674895110349711
1.0,10.734532187601316
1.5,13.67009352328453
2.0,13.195677295643133
2.5,12.457417041004735
3.0,9.194424831256642
3.5,10.415969865589311
4.0,11.841646717371386
4.5,10.326727306957284
5.0,11.614789573971054
5.5,11.951884103592183
6.0,11.996491143003855
6.5,14.303246018866531
7.0,13.071644436818652
7.5,12.539762349061172